-- phpMyAdmin SQL Dump
-- version 5.1.0
-- https://www.phpmyadmin.net/
--
-- Servidor: 127.0.0.1
-- Tiempo de generación: 16-02-2023 a las 02:08:32
-- Versión del servidor: 10.4.19-MariaDB
-- Versión de PHP: 8.0.6

SET SQL_MODE = "NO_AUTO_VALUE_ON_ZERO";
START TRANSACTION;
SET time_zone = "+00:00";


/*!40101 SET @OLD_CHARACTER_SET_CLIENT=@@CHARACTER_SET_CLIENT */;
/*!40101 SET @OLD_CHARACTER_SET_RESULTS=@@CHARACTER_SET_RESULTS */;
/*!40101 SET @OLD_COLLATION_CONNECTION=@@COLLATION_CONNECTION */;
/*!40101 SET NAMES utf8mb4 */;

--
-- Base de datos: `examen_tecnico_afrus`
--

-- --------------------------------------------------------

--
-- Estructura de tabla para la tabla `compradores`
--

CREATE TABLE `compradores` (
  `ID_Comprador` int(11) NOT NULL,
  `Nombre` varchar(25) DEFAULT NULL,
  `Apellidos` varchar(40) DEFAULT NULL,
  `Tipo_Comprador` enum('Montoributista','Responsable Inscripto','Consumidor Final','Sujeto Exento','Entidad Publica') DEFAULT 'Consumidor Final',
  `Fecha_Creacion` date DEFAULT current_timestamp()
) ENGINE=InnoDB DEFAULT CHARSET=utf8mb4;

--
-- Volcado de datos para la tabla `compradores`
--

INSERT INTO `compradores` (`ID_Comprador`, `Nombre`, `Apellidos`, `Tipo_Comprador`, `Fecha_Creacion`) VALUES
(1, 'Benjamin', 'Rodriguez', 'Entidad Publica', '2023-02-15'),
(2, 'Benjamin', 'Perez', 'Entidad Publica', '2023-02-15'),
(3, 'Ciro', 'Rodriguez', 'Entidad Publica', '2023-02-15'),
(4, 'Felipe', 'Messi', 'Sujeto Exento', '2023-02-15'),
(5, 'Felipe', 'Lombardo', 'Montoributista', '2023-02-15'),
(6, 'Ciro', 'Messi', 'Responsable Inscripto', '2023-02-15'),
(7, 'Lautaro', 'Benitez', 'Sujeto Exento', '2023-02-15'),
(8, 'Lautaro', 'Fangio', 'Consumidor Final', '2023-02-15'),
(9, 'Felipe', 'Rodriguez', 'Sujeto Exento', '2023-02-15'),
(10, 'Nicolas', 'Fangio', 'Montoributista', '2023-02-15'),
(11, 'Lautaro', 'Benitez', 'Sujeto Exento', '2023-02-15'),
(12, 'Benjamin', 'Lombardo', 'Responsable Inscripto', '2023-02-15'),
(13, 'Diego', 'Fernandez', 'Responsable Inscripto', '2023-02-15'),
(14, 'Mateo', 'Messi', 'Responsable Inscripto', '2023-02-15'),
(15, 'Lautaro', 'Rodriguez', 'Sujeto Exento', '2023-02-15'),
(16, 'Lionel', 'Fangio', 'Montoributista', '2023-02-15'),
(17, 'Lautaro', 'Benitez', 'Consumidor Final', '2023-02-15'),
(18, 'Lautaro', 'Rodriguez', 'Consumidor Final', '2023-02-15'),
(19, 'Nicolas', 'Benitez', 'Entidad Publica', '2023-02-15'),
(20, 'Lionel', 'Rodriguez', 'Responsable Inscripto', '2023-02-15'),
(21, 'Felipe', 'Fangio', 'Entidad Publica', '2023-02-15'),
(22, 'Felipe', 'Rodriguez', 'Sujeto Exento', '2023-02-15'),
(23, 'Diego', 'Fernandez', 'Entidad Publica', '2023-02-15'),
(24, 'Ciro', 'Lombardo', 'Montoributista', '2023-02-15'),
(25, 'Felipe', 'Fernandez', 'Responsable Inscripto', '2023-02-15'),
(26, 'Nicolas', 'Benitez', 'Responsable Inscripto', '2023-02-15'),
(27, 'Ciro', 'Fernandez', 'Montoributista', '2023-02-15'),
(28, 'Ciro', 'Fernandez', 'Entidad Publica', '2023-02-15'),
(29, 'Diego', 'Messi', 'Sujeto Exento', '2023-02-15'),
(30, 'Ciro', 'Fangio', 'Sujeto Exento', '2023-02-15'),
(31, 'Lautaro', 'Fernandez', 'Responsable Inscripto', '2023-02-15'),
(32, 'Diego', 'Fernandez', 'Montoributista', '2023-02-15'),
(33, 'Diego', 'Messi', 'Responsable Inscripto', '2023-02-15'),
(34, 'Lionel', 'Fangio', 'Consumidor Final', '2023-02-15'),
(35, 'Diego', 'Fangio', 'Responsable Inscripto', '2023-02-15'),
(36, 'Felipe', 'Messi', 'Responsable Inscripto', '2023-02-15'),
(37, 'Diego', 'Fernandez', 'Responsable Inscripto', '2023-02-15'),
(38, 'Lionel', 'Lombardo', 'Entidad Publica', '2023-02-15'),
(39, 'Felipe', 'Fernandez', 'Sujeto Exento', '2023-02-15'),
(40, 'Mateo', 'Perez', 'Responsable Inscripto', '2023-02-15'),
(41, 'Ciro', 'Fangio', 'Consumidor Final', '2023-02-15'),
(42, 'Benjamin', 'Messi', 'Montoributista', '2023-02-15'),
(43, 'Felipe', 'Fangio', 'Consumidor Final', '2023-02-15'),
(44, 'Felipe', 'Perez', 'Responsable Inscripto', '2023-02-15'),
(45, 'Andres', 'Fernandez', 'Montoributista', '2023-02-15'),
(46, 'Nicolas', 'Messi', 'Sujeto Exento', '2023-02-15'),
(47, 'Andres', 'Perez', 'Entidad Publica', '2023-02-15'),
(48, 'Mateo', 'Perez', 'Sujeto Exento', '2023-02-15'),
(49, 'Lionel', 'Perez', 'Responsable Inscripto', '2023-02-15'),
(50, 'Mateo', 'Rodriguez', 'Consumidor Final', '2023-02-15'),
(51, 'Mateo', 'Messi', 'Responsable Inscripto', '2023-02-15'),
(52, 'Lionel', 'Fangio', 'Responsable Inscripto', '2023-02-15'),
(53, 'Mateo', 'Perez', 'Entidad Publica', '2023-02-15'),
(54, 'Mateo', 'Fernandez', 'Responsable Inscripto', '2023-02-15'),
(55, 'Benjamin', 'Messi', 'Montoributista', '2023-02-15'),
(56, 'Ciro', 'Perez', 'Sujeto Exento', '2023-02-15'),
(57, 'Andres', 'Messi', 'Entidad Publica', '2023-02-15'),
(58, 'Felipe', 'Benitez', 'Entidad Publica', '2023-02-15'),
(59, 'Ciro', 'Perez', 'Sujeto Exento', '2023-02-15'),
(60, 'Ciro', 'Perez', 'Sujeto Exento', '2023-02-15'),
(61, 'Lionel', 'Benitez', 'Montoributista', '2023-02-15'),
(62, 'Ciro', 'Benitez', 'Entidad Publica', '2023-02-15'),
(63, 'Lautaro', 'Perez', 'Entidad Publica', '2023-02-15'),
(64, 'Lionel', 'Benitez', 'Responsable Inscripto', '2023-02-15'),
(65, 'Diego', 'Fernandez', 'Entidad Publica', '2023-02-15'),
(66, 'Ciro', 'Lombardo', 'Entidad Publica', '2023-02-15'),
(67, 'Felipe', 'Benitez', 'Entidad Publica', '2023-02-15'),
(68, 'Lautaro', 'Fernandez', 'Responsable Inscripto', '2023-02-15'),
(69, 'Andres', 'Benitez', 'Consumidor Final', '2023-02-15'),
(70, 'Lautaro', 'Fangio', 'Sujeto Exento', '2023-02-15'),
(71, 'Mateo', 'Benitez', 'Sujeto Exento', '2023-02-15'),
(72, 'Diego', 'Lombardo', 'Entidad Publica', '2023-02-15'),
(73, 'Nicolas', 'Fangio', 'Entidad Publica', '2023-02-15'),
(74, 'Nicolas', 'Messi', 'Consumidor Final', '2023-02-15'),
(75, 'Felipe', 'Benitez', 'Sujeto Exento', '2023-02-15'),
(76, 'Ciro', 'Lombardo', 'Consumidor Final', '2023-02-15'),
(77, 'Nicolas', 'Lombardo', 'Sujeto Exento', '2023-02-15'),
(78, 'Andres', 'Fernandez', 'Consumidor Final', '2023-02-15'),
(79, 'Diego', 'Messi', 'Consumidor Final', '2023-02-15'),
(80, 'Mateo', 'Lombardo', 'Montoributista', '2023-02-15'),
(81, 'Benjamin', 'Fernandez', 'Consumidor Final', '2023-02-15'),
(82, 'Felipe', 'Benitez', 'Montoributista', '2023-02-15'),
(83, 'Lautaro', 'Fangio', 'Consumidor Final', '2023-02-15'),
(84, 'Andres', 'Fangio', 'Responsable Inscripto', '2023-02-15'),
(85, 'Diego', 'Lombardo', 'Montoributista', '2023-02-15'),
(86, 'Mateo', 'Fernandez', 'Entidad Publica', '2023-02-15'),
(87, 'Felipe', 'Messi', 'Consumidor Final', '2023-02-15'),
(88, 'Lautaro', 'Fangio', 'Sujeto Exento', '2023-02-15'),
(89, 'Ciro', 'Perez', 'Sujeto Exento', '2023-02-15'),
(90, 'Benjamin', 'Lombardo', 'Consumidor Final', '2023-02-15'),
(91, 'Mateo', 'Fernandez', 'Sujeto Exento', '2023-02-15'),
(92, 'Lionel', 'Fangio', 'Consumidor Final', '2023-02-15'),
(93, 'Lautaro', 'Benitez', 'Entidad Publica', '2023-02-15'),
(94, 'Diego', 'Benitez', 'Responsable Inscripto', '2023-02-15'),
(95, 'Felipe', 'Perez', 'Entidad Publica', '2023-02-15'),
(96, 'Andres', 'Benitez', 'Entidad Publica', '2023-02-15'),
(97, 'Lautaro', 'Fernandez', 'Montoributista', '2023-02-15'),
(98, 'Nicolas', 'Fernandez', 'Entidad Publica', '2023-02-15'),
(99, 'Nicolas', 'Lombardo', 'Responsable Inscripto', '2023-02-15'),
(100, 'Mateo', 'Fernandez', 'Responsable Inscripto', '2023-02-15'),
(101, 'Ciro', 'Perez', 'Responsable Inscripto', '2023-02-15'),
(102, 'Benjamin', 'Perez', 'Responsable Inscripto', '2023-02-15'),
(103, 'Nicolas', 'Rodriguez', 'Entidad Publica', '2023-02-15'),
(104, 'Andres', 'Lombardo', 'Entidad Publica', '2023-02-15'),
(105, 'Mateo', 'Benitez', 'Sujeto Exento', '2023-02-15'),
(106, 'Lionel', 'Lombardo', 'Montoributista', '2023-02-15'),
(107, 'Lautaro', 'Messi', 'Sujeto Exento', '2023-02-15'),
(108, 'Felipe', 'Lombardo', 'Montoributista', '2023-02-15'),
(109, 'Lionel', 'Fangio', 'Consumidor Final', '2023-02-15'),
(110, 'Benjamin', 'Perez', 'Entidad Publica', '2023-02-15'),
(111, 'Benjamin', 'Messi', 'Montoributista', '2023-02-15'),
(112, 'Mateo', 'Perez', 'Consumidor Final', '2023-02-15'),
(113, 'Andres', 'Messi', 'Consumidor Final', '2023-02-15'),
(114, 'Mateo', 'Benitez', 'Consumidor Final', '2023-02-15'),
(115, 'Nicolas', 'Messi', 'Consumidor Final', '2023-02-15'),
(116, 'Andres', 'Rodriguez', 'Montoributista', '2023-02-15'),
(117, 'Ciro', 'Rodriguez', 'Sujeto Exento', '2023-02-15'),
(118, 'Andres', 'Perez', 'Sujeto Exento', '2023-02-15'),
(119, 'Benjamin', 'Rodriguez', 'Responsable Inscripto', '2023-02-15'),
(120, 'Lautaro', 'Fernandez', 'Responsable Inscripto', '2023-02-15'),
(121, 'Nicolas', 'Messi', 'Entidad Publica', '2023-02-15'),
(122, 'Diego', 'Messi', 'Sujeto Exento', '2023-02-15'),
(123, 'Felipe', 'Perez', 'Montoributista', '2023-02-15'),
(124, 'Lautaro', 'Lombardo', 'Montoributista', '2023-02-15'),
(125, 'Nicolas', 'Fernandez', 'Sujeto Exento', '2023-02-15'),
(126, 'Diego', 'Rodriguez', 'Consumidor Final', '2023-02-15'),
(127, 'Diego', 'Perez', 'Entidad Publica', '2023-02-15'),
(128, 'Lautaro', 'Messi', 'Montoributista', '2023-02-15'),
(129, 'Ciro', 'Lombardo', 'Responsable Inscripto', '2023-02-15'),
(130, 'Diego', 'Fangio', 'Consumidor Final', '2023-02-15'),
(131, 'Ciro', 'Fernandez', 'Consumidor Final', '2023-02-15'),
(132, 'Diego', 'Messi', 'Entidad Publica', '2023-02-15'),
(133, 'Diego', 'Messi', 'Entidad Publica', '2023-02-15'),
(134, 'Lautaro', 'Perez', 'Montoributista', '2023-02-15'),
(135, 'Lionel', 'Benitez', 'Entidad Publica', '2023-02-15'),
(136, 'Andres', 'Rodriguez', 'Consumidor Final', '2023-02-15'),
(137, 'Lionel', 'Benitez', 'Montoributista', '2023-02-15'),
(138, 'Nicolas', 'Lombardo', 'Responsable Inscripto', '2023-02-15'),
(139, 'Ciro', 'Messi', 'Montoributista', '2023-02-15'),
(140, 'Nicolas', 'Perez', 'Montoributista', '2023-02-15'),
(141, 'Andres', 'Fernandez', 'Consumidor Final', '2023-02-15'),
(142, 'Nicolas', 'Perez', 'Entidad Publica', '2023-02-15'),
(143, 'Felipe', 'Fernandez', 'Sujeto Exento', '2023-02-15'),
(144, 'Lionel', 'Messi', 'Sujeto Exento', '2023-02-15'),
(145, 'Lionel', 'Fernandez', 'Sujeto Exento', '2023-02-15'),
(146, 'Felipe', 'Fangio', 'Montoributista', '2023-02-15'),
(147, 'Felipe', 'Perez', 'Montoributista', '2023-02-15'),
(148, 'Andres', 'Perez', 'Responsable Inscripto', '2023-02-15'),
(149, 'Lionel', 'Perez', 'Entidad Publica', '2023-02-15'),
(150, 'Felipe', 'Fernandez', 'Sujeto Exento', '2023-02-15'),
(151, 'Lionel', 'Fernandez', 'Entidad Publica', '2023-02-15'),
(152, 'Felipe', 'Messi', 'Responsable Inscripto', '2023-02-15'),
(153, 'Lautaro', 'Rodriguez', 'Sujeto Exento', '2023-02-15'),
(154, 'Benjamin', 'Benitez', 'Entidad Publica', '2023-02-15'),
(155, 'Mateo', 'Lombardo', 'Montoributista', '2023-02-15'),
(156, 'Felipe', 'Messi', 'Sujeto Exento', '2023-02-15'),
(157, 'Mateo', 'Messi', 'Consumidor Final', '2023-02-15'),
(158, 'Felipe', 'Rodriguez', 'Responsable Inscripto', '2023-02-15'),
(159, 'Mateo', 'Lombardo', 'Consumidor Final', '2023-02-15'),
(160, 'Lautaro', 'Messi', 'Entidad Publica', '2023-02-15'),
(161, 'Mateo', 'Lombardo', 'Sujeto Exento', '2023-02-15'),
(162, 'Andres', 'Benitez', 'Consumidor Final', '2023-02-15'),
(163, 'Lautaro', 'Lombardo', 'Responsable Inscripto', '2023-02-15'),
(164, 'Benjamin', 'Messi', 'Entidad Publica', '2023-02-15'),
(165, 'Felipe', 'Lombardo', 'Sujeto Exento', '2023-02-15'),
(166, 'Felipe', 'Messi', 'Entidad Publica', '2023-02-15'),
(167, 'Felipe', 'Messi', 'Responsable Inscripto', '2023-02-15'),
(168, 'Ciro', 'Messi', 'Responsable Inscripto', '2023-02-15'),
(169, 'Lionel', 'Lombardo', 'Sujeto Exento', '2023-02-15'),
(170, 'Ciro', 'Benitez', 'Entidad Publica', '2023-02-15'),
(171, 'Benjamin', 'Perez', 'Sujeto Exento', '2023-02-15'),
(172, 'Diego', 'Perez', 'Sujeto Exento', '2023-02-15'),
(173, 'Felipe', 'Fernandez', 'Montoributista', '2023-02-15'),
(174, 'Lionel', 'Messi', 'Montoributista', '2023-02-15'),
(175, 'Lautaro', 'Benitez', 'Sujeto Exento', '2023-02-15'),
(176, 'Lautaro', 'Rodriguez', 'Entidad Publica', '2023-02-15'),
(177, 'Nicolas', 'Messi', 'Sujeto Exento', '2023-02-15'),
(178, 'Andres', 'Lombardo', 'Entidad Publica', '2023-02-15'),
(179, 'Nicolas', 'Fangio', 'Montoributista', '2023-02-15'),
(180, 'Lautaro', 'Lombardo', 'Consumidor Final', '2023-02-15'),
(181, 'Andres', 'Lombardo', 'Entidad Publica', '2023-02-15'),
(182, 'Mateo', 'Messi', 'Responsable Inscripto', '2023-02-15'),
(183, 'Benjamin', 'Fangio', 'Entidad Publica', '2023-02-15'),
(184, 'Andres', 'Perez', 'Consumidor Final', '2023-02-15'),
(185, 'Lionel', 'Messi', 'Entidad Publica', '2023-02-15'),
(186, 'Diego', 'Fangio', 'Consumidor Final', '2023-02-15'),
(187, 'Benjamin', 'Benitez', 'Montoributista', '2023-02-15'),
(188, 'Lionel', 'Fangio', 'Responsable Inscripto', '2023-02-15'),
(189, 'Felipe', 'Perez', 'Montoributista', '2023-02-15'),
(190, 'Benjamin', 'Benitez', 'Consumidor Final', '2023-02-15'),
(191, 'Ciro', 'Fangio', 'Consumidor Final', '2023-02-15'),
(192, 'Mateo', 'Lombardo', 'Sujeto Exento', '2023-02-15'),
(193, 'Mateo', 'Fernandez', 'Montoributista', '2023-02-15'),
(194, 'Diego', 'Messi', 'Responsable Inscripto', '2023-02-15'),
(195, 'Felipe', 'Messi', 'Consumidor Final', '2023-02-15'),
(196, 'Nicolas', 'Lombardo', 'Montoributista', '2023-02-15'),
(197, 'Diego', 'Messi', 'Montoributista', '2023-02-15'),
(198, 'Benjamin', 'Lombardo', 'Sujeto Exento', '2023-02-15'),
(199, 'Lautaro', 'Benitez', 'Sujeto Exento', '2023-02-15'),
(200, 'Nicolas', 'Fernandez', 'Responsable Inscripto', '2023-02-15'),
(201, 'Lautaro', 'Fangio', 'Consumidor Final', '2023-02-15'),
(202, 'Andres', 'Benitez', 'Entidad Publica', '2023-02-15'),
(203, 'Nicolas', 'Perez', 'Montoributista', '2023-02-15'),
(204, 'Diego', 'Perez', 'Entidad Publica', '2023-02-15'),
(205, 'Nicolas', 'Fernandez', 'Consumidor Final', '2023-02-15'),
(206, 'Lionel', 'Rodriguez', 'Montoributista', '2023-02-15'),
(207, 'Lautaro', 'Rodriguez', 'Consumidor Final', '2023-02-15'),
(208, 'Benjamin', 'Fernandez', 'Sujeto Exento', '2023-02-15'),
(209, 'Benjamin', 'Rodriguez', 'Entidad Publica', '2023-02-15'),
(210, 'Mateo', 'Fangio', 'Consumidor Final', '2023-02-15'),
(211, 'Ciro', 'Lombardo', 'Entidad Publica', '2023-02-15'),
(212, 'Benjamin', 'Rodriguez', 'Consumidor Final', '2023-02-15'),
(213, 'Diego', 'Perez', 'Responsable Inscripto', '2023-02-15'),
(214, 'Felipe', 'Messi', 'Sujeto Exento', '2023-02-15'),
(215, 'Mateo', 'Perez', 'Sujeto Exento', '2023-02-15'),
(216, 'Andres', 'Rodriguez', 'Consumidor Final', '2023-02-15'),
(217, 'Lionel', 'Fernandez', 'Consumidor Final', '2023-02-15'),
(218, 'Ciro', 'Lombardo', 'Responsable Inscripto', '2023-02-15'),
(219, 'Mateo', 'Lombardo', 'Montoributista', '2023-02-15'),
(220, 'Diego', 'Rodriguez', 'Entidad Publica', '2023-02-15'),
(221, 'Lionel', 'Messi', 'Responsable Inscripto', '2023-02-15'),
(222, 'Benjamin', 'Perez', 'Responsable Inscripto', '2023-02-15'),
(223, 'Ciro', 'Benitez', 'Montoributista', '2023-02-15'),
(224, 'Diego', 'Benitez', 'Responsable Inscripto', '2023-02-15'),
(225, 'Mateo', 'Perez', 'Entidad Publica', '2023-02-15'),
(226, 'Felipe', 'Messi', 'Montoributista', '2023-02-15'),
(227, 'Benjamin', 'Fangio', 'Sujeto Exento', '2023-02-15'),
(228, 'Diego', 'Perez', 'Responsable Inscripto', '2023-02-15'),
(229, 'Andres', 'Fangio', 'Responsable Inscripto', '2023-02-15'),
(230, 'Nicolas', 'Perez', 'Responsable Inscripto', '2023-02-15'),
(231, 'Mateo', 'Fernandez', 'Entidad Publica', '2023-02-15'),
(232, 'Benjamin', 'Fernandez', 'Entidad Publica', '2023-02-15'),
(233, 'Felipe', 'Messi', 'Responsable Inscripto', '2023-02-15'),
(234, 'Nicolas', 'Rodriguez', 'Entidad Publica', '2023-02-15'),
(235, 'Mateo', 'Lombardo', 'Montoributista', '2023-02-15'),
(236, 'Lautaro', 'Lombardo', 'Sujeto Exento', '2023-02-15'),
(237, 'Lionel', 'Fernandez', 'Responsable Inscripto', '2023-02-15'),
(238, 'Benjamin', 'Lombardo', 'Montoributista', '2023-02-15'),
(239, 'Lionel', 'Rodriguez', 'Entidad Publica', '2023-02-15'),
(240, 'Benjamin', 'Fernandez', 'Consumidor Final', '2023-02-15'),
(241, 'Diego', 'Messi', 'Responsable Inscripto', '2023-02-15'),
(242, 'Lautaro', 'Fangio', 'Sujeto Exento', '2023-02-15'),
(243, 'Felipe', 'Lombardo', 'Montoributista', '2023-02-15'),
(244, 'Nicolas', 'Benitez', 'Consumidor Final', '2023-02-15'),
(245, 'Lautaro', 'Rodriguez', 'Sujeto Exento', '2023-02-15'),
(246, 'Nicolas', 'Benitez', 'Montoributista', '2023-02-15'),
(247, 'Ciro', 'Fangio', 'Responsable Inscripto', '2023-02-15'),
(248, 'Benjamin', 'Rodriguez', 'Responsable Inscripto', '2023-02-15'),
(249, 'Mateo', 'Fernandez', 'Responsable Inscripto', '2023-02-15'),
(250, 'Ciro', 'Rodriguez', 'Entidad Publica', '2023-02-15'),
(251, 'Ciro', 'Rodriguez', 'Responsable Inscripto', '2023-02-15'),
(252, 'Benjamin', 'Rodriguez', 'Responsable Inscripto', '2023-02-15'),
(253, 'Ciro', 'Lombardo', 'Responsable Inscripto', '2023-02-15'),
(254, 'Felipe', 'Messi', 'Entidad Publica', '2023-02-15'),
(255, 'Felipe', 'Perez', 'Sujeto Exento', '2023-02-15'),
(256, 'Lionel', 'Lombardo', 'Entidad Publica', '2023-02-15'),
(257, 'Mateo', 'Rodriguez', 'Entidad Publica', '2023-02-15'),
(258, 'Mateo', 'Messi', 'Montoributista', '2023-02-15'),
(259, 'Andres', 'Rodriguez', 'Responsable Inscripto', '2023-02-15'),
(260, 'Ciro', 'Fernandez', 'Responsable Inscripto', '2023-02-15'),
(261, 'Andres', 'Fernandez', 'Sujeto Exento', '2023-02-15'),
(262, 'Felipe', 'Fangio', 'Sujeto Exento', '2023-02-15'),
(263, 'Felipe', 'Messi', 'Sujeto Exento', '2023-02-15'),
(264, 'Felipe', 'Messi', 'Sujeto Exento', '2023-02-15'),
(265, 'Nicolas', 'Perez', 'Responsable Inscripto', '2023-02-15'),
(266, 'Andres', 'Messi', 'Sujeto Exento', '2023-02-15'),
(267, 'Diego', 'Fernandez', 'Consumidor Final', '2023-02-15'),
(268, 'Andres', 'Messi', 'Consumidor Final', '2023-02-15'),
(269, 'Lionel', 'Benitez', 'Consumidor Final', '2023-02-15'),
(270, 'Felipe', 'Perez', 'Entidad Publica', '2023-02-15'),
(271, 'Andres', 'Messi', 'Montoributista', '2023-02-15'),
(272, 'Lautaro', 'Fangio', 'Montoributista', '2023-02-15'),
(273, 'Lionel', 'Messi', 'Responsable Inscripto', '2023-02-15'),
(274, 'Andres', 'Fangio', 'Entidad Publica', '2023-02-15'),
(275, 'Mateo', 'Lombardo', 'Consumidor Final', '2023-02-15'),
(276, 'Ciro', 'Lombardo', 'Montoributista', '2023-02-15'),
(277, 'Mateo', 'Benitez', 'Entidad Publica', '2023-02-15'),
(278, 'Ciro', 'Messi', 'Sujeto Exento', '2023-02-15'),
(279, 'Lautaro', 'Rodriguez', 'Entidad Publica', '2023-02-15'),
(280, 'Mateo', 'Lombardo', 'Responsable Inscripto', '2023-02-15'),
(281, 'Ciro', 'Fernandez', 'Sujeto Exento', '2023-02-15'),
(282, 'Lautaro', 'Lombardo', 'Consumidor Final', '2023-02-15'),
(283, 'Lionel', 'Rodriguez', 'Montoributista', '2023-02-15'),
(284, 'Benjamin', 'Fangio', 'Responsable Inscripto', '2023-02-15'),
(285, 'Benjamin', 'Benitez', 'Consumidor Final', '2023-02-15'),
(286, 'Nicolas', 'Fangio', 'Montoributista', '2023-02-15'),
(287, 'Felipe', 'Fangio', 'Entidad Publica', '2023-02-15'),
(288, 'Lionel', 'Fernandez', 'Entidad Publica', '2023-02-15'),
(289, 'Mateo', 'Perez', 'Montoributista', '2023-02-15'),
(290, 'Andres', 'Messi', 'Montoributista', '2023-02-15'),
(291, 'Lionel', 'Fernandez', 'Sujeto Exento', '2023-02-15'),
(292, 'Felipe', 'Benitez', 'Montoributista', '2023-02-15'),
(293, 'Mateo', 'Fernandez', 'Responsable Inscripto', '2023-02-15'),
(294, 'Ciro', 'Fangio', 'Montoributista', '2023-02-15'),
(295, 'Nicolas', 'Rodriguez', 'Responsable Inscripto', '2023-02-15'),
(296, 'Felipe', 'Lombardo', 'Montoributista', '2023-02-15'),
(297, 'Ciro', 'Perez', 'Entidad Publica', '2023-02-15'),
(298, 'Ciro', 'Perez', 'Responsable Inscripto', '2023-02-15'),
(299, 'Nicolas', 'Messi', 'Entidad Publica', '2023-02-15'),
(300, 'Ciro', 'Messi', 'Entidad Publica', '2023-02-15'),
(301, 'Ciro', 'Rodriguez', 'Entidad Publica', '2023-02-15'),
(302, 'Diego', 'Fernandez', 'Consumidor Final', '2023-02-15'),
(303, 'Felipe', 'Perez', 'Responsable Inscripto', '2023-02-15'),
(304, 'Ciro', 'Benitez', 'Sujeto Exento', '2023-02-15'),
(305, 'Andres', 'Lombardo', 'Responsable Inscripto', '2023-02-15'),
(306, 'Diego', 'Messi', 'Montoributista', '2023-02-15'),
(307, 'Lautaro', 'Lombardo', 'Entidad Publica', '2023-02-15'),
(308, 'Felipe', 'Benitez', 'Responsable Inscripto', '2023-02-15'),
(309, 'Nicolas', 'Fernandez', 'Consumidor Final', '2023-02-15'),
(310, 'Felipe', 'Lombardo', 'Montoributista', '2023-02-15'),
(311, 'Benjamin', 'Fangio', 'Montoributista', '2023-02-15'),
(312, 'Felipe', 'Fangio', 'Sujeto Exento', '2023-02-15'),
(313, 'Lionel', 'Perez', 'Responsable Inscripto', '2023-02-15'),
(314, 'Felipe', 'Benitez', 'Montoributista', '2023-02-15'),
(315, 'Andres', 'Lombardo', 'Consumidor Final', '2023-02-15'),
(316, 'Lautaro', 'Benitez', 'Responsable Inscripto', '2023-02-15'),
(317, 'Lautaro', 'Benitez', 'Entidad Publica', '2023-02-15'),
(318, 'Felipe', 'Benitez', 'Responsable Inscripto', '2023-02-15'),
(319, 'Lionel', 'Fangio', 'Consumidor Final', '2023-02-15'),
(320, 'Ciro', 'Rodriguez', 'Consumidor Final', '2023-02-15'),
(321, 'Benjamin', 'Messi', 'Consumidor Final', '2023-02-15'),
(322, 'Felipe', 'Benitez', 'Responsable Inscripto', '2023-02-15'),
(323, 'Lautaro', 'Perez', 'Sujeto Exento', '2023-02-15'),
(324, 'Benjamin', 'Perez', 'Sujeto Exento', '2023-02-15'),
(325, 'Nicolas', 'Benitez', 'Responsable Inscripto', '2023-02-15'),
(326, 'Ciro', 'Perez', 'Responsable Inscripto', '2023-02-15'),
(327, 'Andres', 'Fangio', 'Consumidor Final', '2023-02-15'),
(328, 'Mateo', 'Messi', 'Sujeto Exento', '2023-02-15'),
(329, 'Benjamin', 'Fangio', 'Entidad Publica', '2023-02-15'),
(330, 'Nicolas', 'Rodriguez', 'Consumidor Final', '2023-02-15'),
(331, 'Diego', 'Perez', 'Montoributista', '2023-02-15'),
(332, 'Nicolas', 'Perez', 'Sujeto Exento', '2023-02-15'),
(333, 'Diego', 'Fangio', 'Entidad Publica', '2023-02-15'),
(334, 'Andres', 'Rodriguez', 'Entidad Publica', '2023-02-15'),
(335, 'Diego', 'Lombardo', 'Sujeto Exento', '2023-02-15'),
(336, 'Lautaro', 'Fangio', 'Responsable Inscripto', '2023-02-15'),
(337, 'Felipe', 'Perez', 'Montoributista', '2023-02-15'),
(338, 'Diego', 'Messi', 'Sujeto Exento', '2023-02-15'),
(339, 'Nicolas', 'Fernandez', 'Consumidor Final', '2023-02-15'),
(340, 'Nicolas', 'Lombardo', 'Consumidor Final', '2023-02-15'),
(341, 'Ciro', 'Fernandez', 'Consumidor Final', '2023-02-15'),
(342, 'Nicolas', 'Rodriguez', 'Entidad Publica', '2023-02-15'),
(343, 'Felipe', 'Lombardo', 'Entidad Publica', '2023-02-15'),
(344, 'Ciro', 'Fangio', 'Entidad Publica', '2023-02-15'),
(345, 'Lautaro', 'Lombardo', 'Consumidor Final', '2023-02-15'),
(346, 'Felipe', 'Fernandez', 'Montoributista', '2023-02-15'),
(347, 'Mateo', 'Perez', 'Responsable Inscripto', '2023-02-15'),
(348, 'Diego', 'Perez', 'Responsable Inscripto', '2023-02-15'),
(349, 'Ciro', 'Messi', 'Entidad Publica', '2023-02-15'),
(350, 'Ciro', 'Fernandez', 'Entidad Publica', '2023-02-15'),
(351, 'Andres', 'Rodriguez', 'Responsable Inscripto', '2023-02-15'),
(352, 'Lionel', 'Lombardo', 'Responsable Inscripto', '2023-02-15'),
(353, 'Nicolas', 'Messi', 'Montoributista', '2023-02-15'),
(354, 'Benjamin', 'Perez', 'Responsable Inscripto', '2023-02-15'),
(355, 'Felipe', 'Fernandez', 'Montoributista', '2023-02-15'),
(356, 'Diego', 'Messi', 'Consumidor Final', '2023-02-15'),
(357, 'Mateo', 'Fangio', 'Entidad Publica', '2023-02-15'),
(358, 'Lionel', 'Rodriguez', 'Entidad Publica', '2023-02-15'),
(359, 'Mateo', 'Perez', 'Entidad Publica', '2023-02-15'),
(360, 'Felipe', 'Perez', 'Montoributista', '2023-02-15'),
(361, 'Lionel', 'Lombardo', 'Sujeto Exento', '2023-02-15'),
(362, 'Andres', 'Rodriguez', 'Entidad Publica', '2023-02-15'),
(363, 'Nicolas', 'Messi', 'Sujeto Exento', '2023-02-15'),
(364, 'Benjamin', 'Messi', 'Sujeto Exento', '2023-02-15'),
(365, 'Andres', 'Fangio', 'Consumidor Final', '2023-02-15'),
(366, 'Diego', 'Messi', 'Montoributista', '2023-02-15'),
(367, 'Felipe', 'Messi', 'Montoributista', '2023-02-15'),
(368, 'Andres', 'Benitez', 'Consumidor Final', '2023-02-15'),
(369, 'Ciro', 'Fangio', 'Consumidor Final', '2023-02-15'),
(370, 'Benjamin', 'Benitez', 'Sujeto Exento', '2023-02-15'),
(371, 'Nicolas', 'Perez', 'Consumidor Final', '2023-02-15'),
(372, 'Diego', 'Lombardo', 'Montoributista', '2023-02-15'),
(373, 'Mateo', 'Messi', 'Entidad Publica', '2023-02-15'),
(374, 'Diego', 'Lombardo', 'Entidad Publica', '2023-02-15'),
(375, 'Mateo', 'Fangio', 'Montoributista', '2023-02-15'),
(376, 'Ciro', 'Perez', 'Sujeto Exento', '2023-02-15'),
(377, 'Benjamin', 'Fangio', 'Sujeto Exento', '2023-02-15'),
(378, 'Felipe', 'Fangio', 'Montoributista', '2023-02-15'),
(379, 'Diego', 'Rodriguez', 'Responsable Inscripto', '2023-02-15'),
(380, 'Benjamin', 'Fernandez', 'Consumidor Final', '2023-02-15'),
(381, 'Lautaro', 'Perez', 'Sujeto Exento', '2023-02-15'),
(382, 'Felipe', 'Rodriguez', 'Sujeto Exento', '2023-02-15'),
(383, 'Benjamin', 'Perez', 'Montoributista', '2023-02-15'),
(384, 'Lionel', 'Lombardo', 'Montoributista', '2023-02-15'),
(385, 'Lionel', 'Perez', 'Sujeto Exento', '2023-02-15'),
(386, 'Andres', 'Lombardo', 'Entidad Publica', '2023-02-15'),
(387, 'Lionel', 'Perez', 'Consumidor Final', '2023-02-15'),
(388, 'Felipe', 'Fernandez', 'Consumidor Final', '2023-02-15'),
(389, 'Nicolas', 'Messi', 'Sujeto Exento', '2023-02-15'),
(390, 'Andres', 'Lombardo', 'Consumidor Final', '2023-02-15'),
(391, 'Lautaro', 'Fernandez', 'Montoributista', '2023-02-15'),
(392, 'Ciro', 'Benitez', 'Sujeto Exento', '2023-02-15'),
(393, 'Lionel', 'Rodriguez', 'Responsable Inscripto', '2023-02-15'),
(394, 'Mateo', 'Fangio', 'Entidad Publica', '2023-02-15'),
(395, 'Mateo', 'Rodriguez', 'Sujeto Exento', '2023-02-15'),
(396, 'Diego', 'Messi', 'Responsable Inscripto', '2023-02-15'),
(397, 'Lionel', 'Rodriguez', 'Montoributista', '2023-02-15'),
(398, 'Andres', 'Perez', 'Sujeto Exento', '2023-02-15'),
(399, 'Felipe', 'Fangio', 'Entidad Publica', '2023-02-15'),
(400, 'Lautaro', 'Lombardo', 'Entidad Publica', '2023-02-15'),
(401, 'Benjamin', 'Perez', 'Responsable Inscripto', '2023-02-15'),
(402, 'Nicolas', 'Fernandez', 'Entidad Publica', '2023-02-15'),
(403, 'Andres', 'Rodriguez', 'Responsable Inscripto', '2023-02-15'),
(404, 'Nicolas', 'Benitez', 'Montoributista', '2023-02-15'),
(405, 'Ciro', 'Fernandez', 'Consumidor Final', '2023-02-15'),
(406, 'Mateo', 'Benitez', 'Consumidor Final', '2023-02-15'),
(407, 'Felipe', 'Lombardo', 'Entidad Publica', '2023-02-15'),
(408, 'Felipe', 'Perez', 'Montoributista', '2023-02-15'),
(409, 'Ciro', 'Perez', 'Sujeto Exento', '2023-02-15'),
(410, 'Lautaro', 'Rodriguez', 'Consumidor Final', '2023-02-15'),
(411, 'Benjamin', 'Fernandez', 'Entidad Publica', '2023-02-15'),
(412, 'Diego', 'Perez', 'Sujeto Exento', '2023-02-15'),
(413, 'Benjamin', 'Perez', 'Entidad Publica', '2023-02-15'),
(414, 'Felipe', 'Lombardo', 'Sujeto Exento', '2023-02-15'),
(415, 'Lautaro', 'Rodriguez', 'Montoributista', '2023-02-15'),
(416, 'Andres', 'Benitez', 'Responsable Inscripto', '2023-02-15'),
(417, 'Benjamin', 'Lombardo', 'Entidad Publica', '2023-02-15'),
(418, 'Ciro', 'Rodriguez', 'Responsable Inscripto', '2023-02-15'),
(419, 'Ciro', 'Fangio', 'Entidad Publica', '2023-02-15'),
(420, 'Benjamin', 'Perez', 'Responsable Inscripto', '2023-02-15'),
(421, 'Ciro', 'Rodriguez', 'Responsable Inscripto', '2023-02-15'),
(422, 'Lionel', 'Perez', 'Montoributista', '2023-02-15'),
(423, 'Lautaro', 'Rodriguez', 'Responsable Inscripto', '2023-02-15'),
(424, 'Mateo', 'Messi', 'Sujeto Exento', '2023-02-15'),
(425, 'Felipe', 'Rodriguez', 'Montoributista', '2023-02-15'),
(426, 'Ciro', 'Rodriguez', 'Montoributista', '2023-02-15'),
(427, 'Lautaro', 'Rodriguez', 'Sujeto Exento', '2023-02-15'),
(428, 'Nicolas', 'Rodriguez', 'Sujeto Exento', '2023-02-15'),
(429, 'Andres', 'Perez', 'Sujeto Exento', '2023-02-15'),
(430, 'Lautaro', 'Rodriguez', 'Montoributista', '2023-02-15'),
(431, 'Andres', 'Lombardo', 'Montoributista', '2023-02-15'),
(432, 'Andres', 'Fernandez', 'Montoributista', '2023-02-15'),
(433, 'Felipe', 'Fangio', 'Montoributista', '2023-02-15'),
(434, 'Benjamin', 'Fernandez', 'Sujeto Exento', '2023-02-15'),
(435, 'Lautaro', 'Rodriguez', 'Responsable Inscripto', '2023-02-15'),
(436, 'Andres', 'Fangio', 'Montoributista', '2023-02-15'),
(437, 'Ciro', 'Benitez', 'Responsable Inscripto', '2023-02-15'),
(438, 'Nicolas', 'Perez', 'Responsable Inscripto', '2023-02-15'),
(439, 'Andres', 'Messi', 'Entidad Publica', '2023-02-15'),
(440, 'Benjamin', 'Fernandez', 'Entidad Publica', '2023-02-15'),
(441, 'Ciro', 'Messi', 'Consumidor Final', '2023-02-15'),
(442, 'Felipe', 'Benitez', 'Consumidor Final', '2023-02-15'),
(443, 'Lionel', 'Rodriguez', 'Montoributista', '2023-02-15'),
(444, 'Lionel', 'Perez', 'Responsable Inscripto', '2023-02-15'),
(445, 'Nicolas', 'Rodriguez', 'Montoributista', '2023-02-15'),
(446, 'Mateo', 'Fangio', 'Entidad Publica', '2023-02-15'),
(447, 'Felipe', 'Lombardo', 'Entidad Publica', '2023-02-15'),
(448, 'Lionel', 'Fangio', 'Sujeto Exento', '2023-02-15'),
(449, 'Ciro', 'Benitez', 'Montoributista', '2023-02-15'),
(450, 'Ciro', 'Lombardo', 'Entidad Publica', '2023-02-15'),
(451, 'Diego', 'Perez', 'Montoributista', '2023-02-15'),
(452, 'Mateo', 'Fernandez', 'Responsable Inscripto', '2023-02-15'),
(453, 'Felipe', 'Rodriguez', 'Consumidor Final', '2023-02-15'),
(454, 'Diego', 'Lombardo', 'Montoributista', '2023-02-15'),
(455, 'Diego', 'Fangio', 'Montoributista', '2023-02-15'),
(456, 'Benjamin', 'Lombardo', 'Responsable Inscripto', '2023-02-15'),
(457, 'Andres', 'Rodriguez', 'Sujeto Exento', '2023-02-15'),
(458, 'Lautaro', 'Rodriguez', 'Montoributista', '2023-02-15'),
(459, 'Benjamin', 'Rodriguez', 'Entidad Publica', '2023-02-15'),
(460, 'Lautaro', 'Fernandez', 'Montoributista', '2023-02-15'),
(461, 'Benjamin', 'Perez', 'Entidad Publica', '2023-02-15'),
(462, 'Lionel', 'Messi', 'Responsable Inscripto', '2023-02-15'),
(463, 'Felipe', 'Rodriguez', 'Consumidor Final', '2023-02-15'),
(464, 'Lautaro', 'Messi', 'Responsable Inscripto', '2023-02-15'),
(465, 'Andres', 'Fernandez', 'Montoributista', '2023-02-15'),
(466, 'Nicolas', 'Fangio', 'Responsable Inscripto', '2023-02-15'),
(467, 'Lautaro', 'Fernandez', 'Montoributista', '2023-02-15'),
(468, 'Nicolas', 'Rodriguez', 'Responsable Inscripto', '2023-02-15'),
(469, 'Andres', 'Perez', 'Entidad Publica', '2023-02-15'),
(470, 'Nicolas', 'Benitez', 'Entidad Publica', '2023-02-15'),
(471, 'Lautaro', 'Fangio', 'Responsable Inscripto', '2023-02-15'),
(472, 'Diego', 'Perez', 'Montoributista', '2023-02-15'),
(473, 'Diego', 'Lombardo', 'Consumidor Final', '2023-02-15'),
(474, 'Benjamin', 'Benitez', 'Sujeto Exento', '2023-02-15'),
(475, 'Andres', 'Benitez', 'Sujeto Exento', '2023-02-15'),
(476, 'Ciro', 'Rodriguez', 'Entidad Publica', '2023-02-15'),
(477, 'Lionel', 'Fernandez', 'Entidad Publica', '2023-02-15'),
(478, 'Diego', 'Fernandez', 'Sujeto Exento', '2023-02-15'),
(479, 'Diego', 'Fangio', 'Consumidor Final', '2023-02-15'),
(480, 'Ciro', 'Fangio', 'Entidad Publica', '2023-02-15'),
(481, 'Mateo', 'Fangio', 'Sujeto Exento', '2023-02-15'),
(482, 'Mateo', 'Messi', 'Consumidor Final', '2023-02-15'),
(483, 'Benjamin', 'Rodriguez', 'Responsable Inscripto', '2023-02-15'),
(484, 'Benjamin', 'Fangio', 'Sujeto Exento', '2023-02-15'),
(485, 'Benjamin', 'Benitez', 'Sujeto Exento', '2023-02-15'),
(486, 'Felipe', 'Lombardo', 'Montoributista', '2023-02-15'),
(487, 'Felipe', 'Messi', 'Montoributista', '2023-02-15'),
(488, 'Ciro', 'Benitez', 'Montoributista', '2023-02-15'),
(489, 'Mateo', 'Fangio', 'Consumidor Final', '2023-02-15'),
(490, 'Felipe', 'Perez', 'Sujeto Exento', '2023-02-15'),
(491, 'Mateo', 'Fangio', 'Entidad Publica', '2023-02-15'),
(492, 'Felipe', 'Benitez', 'Consumidor Final', '2023-02-15'),
(493, 'Diego', 'Rodriguez', 'Entidad Publica', '2023-02-15'),
(494, 'Andres', 'Benitez', 'Montoributista', '2023-02-15'),
(495, 'Andres', 'Lombardo', 'Responsable Inscripto', '2023-02-15'),
(496, 'Lautaro', 'Lombardo', 'Responsable Inscripto', '2023-02-15'),
(497, 'Ciro', 'Fangio', 'Responsable Inscripto', '2023-02-15'),
(498, 'Lionel', 'Perez', 'Sujeto Exento', '2023-02-15'),
(499, 'Andres', 'Perez', 'Montoributista', '2023-02-15'),
(500, 'Felipe', 'Fangio', 'Sujeto Exento', '2023-02-15'),
(501, 'Nicolas', 'Marsili', 'Responsable Inscripto', '2023-02-15'),
(502, 'Pepito', 'Lopez', 'Responsable Inscripto', '2023-02-15');

-- --------------------------------------------------------

--
-- Estructura de tabla para la tabla `eventos_comprador`
--

CREATE TABLE `eventos_comprador` (
  `ID_Evento` int(11) NOT NULL,
  `Compra` int(11) DEFAULT NULL,
  `Devolución` int(11) DEFAULT NULL,
  `Visita` int(11) DEFAULT NULL,
  `Consulta` int(11) DEFAULT NULL,
  `Actualizacion_Datos` int(11) DEFAULT NULL,
  `Descarga_Datos` int(11) DEFAULT NULL,
  `ID_Comprador` int(11) DEFAULT NULL
) ENGINE=InnoDB DEFAULT CHARSET=utf8mb4;

-- --------------------------------------------------------

--
-- Estructura de tabla para la tabla `productos`
--

CREATE TABLE `productos` (
  `ID_Producto` int(11) NOT NULL,
  `Nombre` varchar(25) DEFAULT NULL,
  `Descripcion` varchar(80) DEFAULT NULL,
  `Precio` int(11) DEFAULT NULL,
  `Cantidad_Stock` int(11) DEFAULT NULL
) ENGINE=InnoDB DEFAULT CHARSET=utf8mb4;

--
-- Volcado de datos para la tabla `productos`
--

INSERT INTO `productos` (`ID_Producto`, `Nombre`, `Descripcion`, `Precio`, `Cantidad_Stock`) VALUES
(1, 'Joystick PS4', 'Maximo rendimiento', 7000, 30),
(2, 'DJ Controller', 'Eficiencia pura', 900, 12),
(3, 'Mouse Wireless', 'El mejor confort', 4000, 50),
(4, 'Teclado RGB HyperX', 'Ultima Generación en electronica', 200, 24),
(5, 'Monitor RGB 144Hz', 'Eficiencia pura', 4000, 12),
(6, 'Teclado RGB HyperX', 'Ultima Generación en electronica', 200, 20),
(7, 'Cooler Sentey', 'Ultima Generación en electronica', 500, 22),
(8, 'Joystick PS4', 'Maximo rendimiento', 200, 100),
(9, 'Monitor RGB 144Hz', 'Eficiencia pura', 300, 50),
(10, 'Joystick PS4', 'Ultima Generación en electronica', 7000, 25),
(11, 'Monitor RGB 144Hz', 'Ultima Generación en electronica', 500, 22),
(12, 'Gigabyte Ultradurable', 'Maximo rendimiento', 300, 20),
(13, 'Joystick PS4', 'Nuevo lanzamiento', 4000, 18),
(14, 'Monitor RGB 144Hz', 'Eficiencia pura', 7000, 24),
(15, 'Teclado RGB HyperX', 'Maximo rendimiento', 900, 30),
(16, 'Joystick PS4', 'El mejor confort', 200, 24),
(17, 'Monitor RGB 144Hz', 'Eficiencia pura', 2400, 12),
(18, 'Cooler Sentey', 'Maximo rendimiento', 18000, 14),
(19, 'Teclado RGB HyperX', 'Ultima Generación en electronica', 18000, 25),
(20, 'Mouse Wireless', 'Ultima Generación en electronica', 1500, 20),
(21, 'Ergonomic Chair', 'Nuevo lanzamiento', 900, 30),
(22, 'DJ Controller', 'Maximo rendimiento', 300, 30),
(23, 'Monitor RGB 144Hz', 'Ultima Generación en electronica', 2400, 20),
(24, 'DJ Controller', 'Eficiencia pura', 2400, 25),
(25, 'Gabinete RGB', 'La cuspide de la evolución', 500, 12),
(26, 'Monitor RGB 144Hz', 'Maximo rendimiento', 18000, 100),
(27, 'Joystick PS4', 'Nuevo lanzamiento', 1500, 100),
(28, 'Gabinete RGB', 'Maximo rendimiento', 1500, 100),
(29, 'DJ Controller', 'La cuspide de la evolución', 4000, 14),
(30, 'Ergonomic Chair', 'El mejor confort', 200, 14),
(31, 'Ergonomic Chair', 'Eficiencia pura', 300, 25),
(32, 'Monitor RGB 144Hz', 'Ultima Generación en electronica', 200, 18),
(33, 'Gigabyte Ultradurable', 'La cuspide de la evolución', 2400, 25),
(34, 'Cooler Sentey', 'La cuspide de la evolución', 2400, 50),
(35, 'Ergonomic Chair', 'Ultima Generación en electronica', 500, 25),
(36, 'Mouse Wireless', 'Eficiencia pura', 900, 18),
(37, 'Joystick PS4', 'El mejor confort', 7000, 100),
(38, 'DJ Controller', 'Nuevo lanzamiento', 200, 100),
(39, 'Gabinete RGB', 'Nuevo lanzamiento', 7000, 30),
(40, 'Gigabyte Ultradurable', 'Maximo rendimiento', 500, 100),
(41, 'DJ Controller', 'Eficiencia pura', 300, 12),
(42, 'Ergonomic Chair', 'Maximo rendimiento', 500, 12),
(43, 'Gigabyte Ultradurable', 'La cuspide de la evolución', 2400, 20),
(44, 'Gabinete RGB', 'Eficiencia pura', 200, 22),
(45, 'Gabinete RGB', 'Nuevo lanzamiento', 500, 20),
(46, 'Cooler Sentey', 'Eficiencia pura', 200, 12),
(47, 'Ergonomic Chair', 'Eficiencia pura', 2400, 20),
(48, 'Gigabyte Ultradurable', 'El mejor confort', 2400, 22),
(49, 'Mouse Wireless', 'Ultima Generación en electronica', 7000, 20),
(50, 'Monitor RGB 144Hz', 'Maximo rendimiento', 300, 18),
(51, 'Gabinete RGB', 'Eficiencia pura', 2400, 50),
(52, 'Monitor RGB 144Hz', 'Ultima Generación en electronica', 18000, 100),
(53, 'GTX 1090 RGB', 'Nuevo lanzamiento', 200, 14),
(54, 'Teclado RGB HyperX', 'Ultima Generación en electronica', 300, 50),
(55, 'Cooler Sentey', 'Nuevo lanzamiento', 500, 20),
(56, 'Joystick PS4', 'El mejor confort', 7000, 30),
(57, 'Teclado RGB HyperX', 'Nuevo lanzamiento', 2400, 100),
(58, 'DJ Controller', 'Maximo rendimiento', 500, 50),
(59, 'DJ Controller', 'Nuevo lanzamiento', 200, 18),
(60, 'Cooler Sentey', 'La cuspide de la evolución', 200, 100),
(61, 'Joystick PS4', 'El mejor confort', 18000, 24),
(62, 'Cooler Sentey', 'Nuevo lanzamiento', 18000, 18),
(63, 'Gigabyte Ultradurable', 'Eficiencia pura', 7000, 22),
(64, 'Teclado RGB HyperX', 'Maximo rendimiento', 4000, 100),
(65, 'Cooler Sentey', 'La cuspide de la evolución', 1500, 20),
(66, 'Teclado RGB HyperX', 'Ultima Generación en electronica', 2400, 18),
(67, 'Gabinete RGB', 'Nuevo lanzamiento', 900, 18),
(68, 'Gabinete RGB', 'Ultima Generación en electronica', 4000, 30),
(69, 'Gigabyte Ultradurable', 'Ultima Generación en electronica', 900, 22),
(70, 'Ergonomic Chair', 'Ultima Generación en electronica', 4000, 20),
(71, 'Monitor RGB 144Hz', 'Nuevo lanzamiento', 18000, 12),
(72, 'Cooler Sentey', 'Maximo rendimiento', 200, 25),
(73, 'Teclado RGB HyperX', 'Eficiencia pura', 500, 30),
(74, 'GTX 1090 RGB', 'Maximo rendimiento', 500, 100),
(75, 'Mouse Wireless', 'Eficiencia pura', 1500, 22),
(76, 'Joystick PS4', 'Maximo rendimiento', 4000, 20),
(77, 'Mouse Wireless', 'Maximo rendimiento', 200, 14),
(78, 'Cooler Sentey', 'Ultima Generación en electronica', 4000, 14),
(79, 'Ergonomic Chair', 'Nuevo lanzamiento', 500, 25),
(80, 'Gabinete RGB', 'La cuspide de la evolución', 500, 30),
(81, 'GTX 1090 RGB', 'Maximo rendimiento', 200, 14),
(82, 'Joystick PS4', 'Maximo rendimiento', 300, 100),
(83, 'Monitor RGB 144Hz', 'Ultima Generación en electronica', 500, 20),
(84, 'Teclado RGB HyperX', 'Maximo rendimiento', 1500, 22),
(85, 'GTX 1090 RGB', 'Nuevo lanzamiento', 2400, 100),
(86, 'GTX 1090 RGB', 'El mejor confort', 2400, 14),
(87, 'Cooler Sentey', 'Maximo rendimiento', 300, 12),
(88, 'Teclado RGB HyperX', 'La cuspide de la evolución', 7000, 12),
(89, 'Joystick PS4', 'La cuspide de la evolución', 900, 25),
(90, 'Mouse Wireless', 'Maximo rendimiento', 7000, 20),
(91, 'Monitor RGB 144Hz', 'Nuevo lanzamiento', 18000, 20),
(92, 'GTX 1090 RGB', 'Ultima Generación en electronica', 200, 14),
(93, 'Mouse Wireless', 'El mejor confort', 900, 50),
(94, 'Teclado RGB HyperX', 'Maximo rendimiento', 2400, 22),
(95, 'Monitor RGB 144Hz', 'Nuevo lanzamiento', 200, 14),
(96, 'Joystick PS4', 'La cuspide de la evolución', 500, 14),
(97, 'DJ Controller', 'La cuspide de la evolución', 18000, 30),
(98, 'Monitor RGB 144Hz', 'Eficiencia pura', 300, 30),
(99, 'Gigabyte Ultradurable', 'Eficiencia pura', 7000, 25),
(100, 'Gabinete RGB', 'Ultima Generación en electronica', 2400, 22),
(101, 'GTX 1090 RGB', 'Maximo rendimiento', 200, 20),
(102, 'DJ Controller', 'La cuspide de la evolución', 900, 25),
(103, 'Ergonomic Chair', 'Ultima Generación en electronica', 900, 22),
(104, 'Gigabyte Ultradurable', 'Maximo rendimiento', 900, 12),
(105, 'Gabinete RGB', 'Nuevo lanzamiento', 18000, 100),
(106, 'Gabinete RGB', 'La cuspide de la evolución', 1500, 12),
(107, 'Mouse Wireless', 'El mejor confort', 18000, 22),
(108, 'Teclado RGB HyperX', 'Nuevo lanzamiento', 7000, 18),
(109, 'Gabinete RGB', 'Nuevo lanzamiento', 18000, 18),
(110, 'Ergonomic Chair', 'Ultima Generación en electronica', 18000, 20),
(111, 'GTX 1090 RGB', 'Nuevo lanzamiento', 900, 14),
(112, 'Ergonomic Chair', 'Ultima Generación en electronica', 200, 12),
(113, 'Mouse Wireless', 'Eficiencia pura', 300, 100),
(114, 'Teclado RGB HyperX', 'Nuevo lanzamiento', 4000, 24),
(115, 'DJ Controller', 'La cuspide de la evolución', 7000, 24),
(116, 'Mouse Wireless', 'Eficiencia pura', 1500, 50),
(117, 'DJ Controller', 'Eficiencia pura', 300, 50),
(118, 'Monitor RGB 144Hz', 'La cuspide de la evolución', 300, 50),
(119, 'Ergonomic Chair', 'La cuspide de la evolución', 200, 22),
(120, 'Cooler Sentey', 'La cuspide de la evolución', 2400, 22),
(121, 'Mouse Wireless', 'Nuevo lanzamiento', 300, 25),
(122, 'GTX 1090 RGB', 'Nuevo lanzamiento', 900, 100),
(123, 'Gigabyte Ultradurable', 'La cuspide de la evolución', 4000, 18),
(124, 'DJ Controller', 'Ultima Generación en electronica', 4000, 20),
(125, 'Joystick PS4', 'Maximo rendimiento', 300, 24),
(126, 'Teclado RGB HyperX', 'Nuevo lanzamiento', 4000, 100),
(127, 'DJ Controller', 'La cuspide de la evolución', 200, 50),
(128, 'DJ Controller', 'El mejor confort', 7000, 20),
(129, 'Teclado RGB HyperX', 'Nuevo lanzamiento', 300, 50),
(130, 'DJ Controller', 'La cuspide de la evolución', 500, 100),
(131, 'DJ Controller', 'Nuevo lanzamiento', 4000, 50),
(132, 'Mouse Wireless', 'Nuevo lanzamiento', 4000, 18),
(133, 'Joystick PS4', 'Nuevo lanzamiento', 4000, 50),
(134, 'Gabinete RGB', 'Ultima Generación en electronica', 1500, 24),
(135, 'Mouse Wireless', 'Nuevo lanzamiento', 200, 25),
(136, 'Joystick PS4', 'El mejor confort', 300, 50),
(137, 'Monitor RGB 144Hz', 'Ultima Generación en electronica', 4000, 18),
(138, 'Gigabyte Ultradurable', 'La cuspide de la evolución', 900, 100),
(139, 'Teclado RGB HyperX', 'Ultima Generación en electronica', 200, 18),
(140, 'Gigabyte Ultradurable', 'Eficiencia pura', 4000, 22),
(141, 'Cooler Sentey', 'El mejor confort', 500, 14),
(142, 'GTX 1090 RGB', 'Eficiencia pura', 4000, 22),
(143, 'Teclado RGB HyperX', 'Ultima Generación en electronica', 200, 20),
(144, 'Teclado RGB HyperX', 'Ultima Generación en electronica', 4000, 18),
(145, 'Ergonomic Chair', 'Eficiencia pura', 500, 18),
(146, 'GTX 1090 RGB', 'La cuspide de la evolución', 900, 22),
(147, 'Teclado RGB HyperX', 'La cuspide de la evolución', 2400, 100),
(148, 'Ergonomic Chair', 'Nuevo lanzamiento', 4000, 14),
(149, 'Gabinete RGB', 'Maximo rendimiento', 1500, 24),
(150, 'Ergonomic Chair', 'Nuevo lanzamiento', 300, 18),
(151, 'Gigabyte Ultradurable', 'Nuevo lanzamiento', 2400, 100),
(152, 'Gigabyte Ultradurable', 'Ultima Generación en electronica', 900, 100),
(153, 'DJ Controller', 'La cuspide de la evolución', 7000, 14),
(154, 'Teclado RGB HyperX', 'La cuspide de la evolución', 900, 100),
(155, 'Monitor RGB 144Hz', 'El mejor confort', 4000, 100),
(156, 'Teclado RGB HyperX', 'La cuspide de la evolución', 500, 12),
(157, 'GTX 1090 RGB', 'La cuspide de la evolución', 200, 20),
(158, 'DJ Controller', 'Eficiencia pura', 200, 14),
(159, 'Mouse Wireless', 'Ultima Generación en electronica', 300, 12),
(160, 'Monitor RGB 144Hz', 'El mejor confort', 900, 25),
(161, 'Cooler Sentey', 'La cuspide de la evolución', 4000, 22),
(162, 'Ergonomic Chair', 'Nuevo lanzamiento', 200, 14),
(163, 'Joystick PS4', 'La cuspide de la evolución', 18000, 14),
(164, 'DJ Controller', 'El mejor confort', 500, 18),
(165, 'Cooler Sentey', 'Eficiencia pura', 900, 20),
(166, 'GTX 1090 RGB', 'Ultima Generación en electronica', 1500, 50),
(167, 'Gabinete RGB', 'Nuevo lanzamiento', 18000, 18),
(168, 'GTX 1090 RGB', 'Maximo rendimiento', 2400, 50),
(169, 'DJ Controller', 'Nuevo lanzamiento', 500, 30),
(170, 'DJ Controller', 'El mejor confort', 500, 22),
(171, 'Monitor RGB 144Hz', 'Maximo rendimiento', 2400, 24),
(172, 'Gabinete RGB', 'Maximo rendimiento', 18000, 25),
(173, 'GTX 1090 RGB', 'Ultima Generación en electronica', 500, 18),
(174, 'Cooler Sentey', 'La cuspide de la evolución', 300, 22),
(175, 'Mouse Wireless', 'El mejor confort', 7000, 12),
(176, 'Gigabyte Ultradurable', 'El mejor confort', 300, 24),
(177, 'Gabinete RGB', 'Ultima Generación en electronica', 1500, 18),
(178, 'DJ Controller', 'El mejor confort', 18000, 20),
(179, 'Teclado RGB HyperX', 'El mejor confort', 4000, 14),
(180, 'Cooler Sentey', 'La cuspide de la evolución', 500, 14),
(181, 'Ergonomic Chair', 'Eficiencia pura', 500, 24),
(182, 'Gabinete RGB', 'El mejor confort', 18000, 14),
(183, 'Gigabyte Ultradurable', 'La cuspide de la evolución', 200, 18),
(184, 'Ergonomic Chair', 'Nuevo lanzamiento', 1500, 30),
(185, 'GTX 1090 RGB', 'La cuspide de la evolución', 500, 100),
(186, 'Gabinete RGB', 'Eficiencia pura', 2400, 30),
(187, 'Cooler Sentey', 'La cuspide de la evolución', 2400, 100),
(188, 'Teclado RGB HyperX', 'Nuevo lanzamiento', 18000, 12),
(189, 'Gabinete RGB', 'Maximo rendimiento', 2400, 100),
(190, 'Monitor RGB 144Hz', 'Ultima Generación en electronica', 200, 12),
(191, 'Mouse Wireless', 'El mejor confort', 900, 100),
(192, 'Mouse Wireless', 'Maximo rendimiento', 1500, 22),
(193, 'Joystick PS4', 'Eficiencia pura', 2400, 100),
(194, 'Joystick PS4', 'La cuspide de la evolución', 500, 22),
(195, 'Mouse Wireless', 'El mejor confort', 4000, 18),
(196, 'Monitor RGB 144Hz', 'Nuevo lanzamiento', 7000, 12),
(197, 'DJ Controller', 'Maximo rendimiento', 500, 20),
(198, 'Monitor RGB 144Hz', 'Maximo rendimiento', 300, 100),
(199, 'Joystick PS4', 'Maximo rendimiento', 500, 20),
(200, 'Cooler Sentey', 'Ultima Generación en electronica', 200, 22),
(201, 'Joystick PS4', 'Maximo rendimiento', 4000, 22),
(202, 'Cooler Sentey', 'El mejor confort', 200, 25),
(203, 'DJ Controller', 'Ultima Generación en electronica', 200, 14),
(204, 'Gabinete RGB', 'Maximo rendimiento', 1500, 100),
(205, 'Gabinete RGB', 'Ultima Generación en electronica', 2400, 22),
(206, 'Gabinete RGB', 'La cuspide de la evolución', 200, 25),
(207, 'Gabinete RGB', 'Ultima Generación en electronica', 2400, 12),
(208, 'Monitor RGB 144Hz', 'El mejor confort', 4000, 18),
(209, 'Gigabyte Ultradurable', 'Nuevo lanzamiento', 18000, 100),
(210, 'DJ Controller', 'Nuevo lanzamiento', 18000, 25),
(211, 'Mouse Wireless', 'Eficiencia pura', 1500, 100),
(212, 'Gabinete RGB', 'Ultima Generación en electronica', 200, 22),
(213, 'Mouse Wireless', 'Ultima Generación en electronica', 18000, 12),
(214, 'Mouse Wireless', 'Eficiencia pura', 300, 50),
(215, 'DJ Controller', 'Maximo rendimiento', 1500, 30),
(216, 'Gabinete RGB', 'Eficiencia pura', 1500, 30),
(217, 'Teclado RGB HyperX', 'La cuspide de la evolución', 7000, 12),
(218, 'Ergonomic Chair', 'Maximo rendimiento', 900, 14),
(219, 'Cooler Sentey', 'Ultima Generación en electronica', 4000, 14),
(220, 'Teclado RGB HyperX', 'El mejor confort', 7000, 14),
(221, 'Ergonomic Chair', 'El mejor confort', 18000, 20),
(222, 'Monitor RGB 144Hz', 'La cuspide de la evolución', 18000, 24),
(223, 'Gabinete RGB', 'Ultima Generación en electronica', 4000, 50),
(224, 'Gabinete RGB', 'El mejor confort', 500, 22),
(225, 'Gigabyte Ultradurable', 'Eficiencia pura', 18000, 22),
(226, 'GTX 1090 RGB', 'La cuspide de la evolución', 200, 100),
(227, 'Monitor RGB 144Hz', 'Nuevo lanzamiento', 2400, 25),
(228, 'GTX 1090 RGB', 'Ultima Generación en electronica', 300, 18),
(229, 'Cooler Sentey', 'Maximo rendimiento', 7000, 50),
(230, 'Cooler Sentey', 'Ultima Generación en electronica', 18000, 30),
(231, 'Teclado RGB HyperX', 'Maximo rendimiento', 200, 30),
(232, 'Gabinete RGB', 'La cuspide de la evolución', 1500, 50),
(233, 'Gigabyte Ultradurable', 'Nuevo lanzamiento', 18000, 100),
(234, 'DJ Controller', 'La cuspide de la evolución', 1500, 24),
(235, 'Gabinete RGB', 'Maximo rendimiento', 500, 12),
(236, 'Gabinete RGB', 'La cuspide de la evolución', 7000, 20),
(237, 'DJ Controller', 'Maximo rendimiento', 4000, 22),
(238, 'Joystick PS4', 'Eficiencia pura', 7000, 25),
(239, 'Gabinete RGB', 'El mejor confort', 900, 12),
(240, 'DJ Controller', 'El mejor confort', 1500, 14),
(241, 'DJ Controller', 'El mejor confort', 7000, 100),
(242, 'Mouse Wireless', 'Maximo rendimiento', 18000, 22),
(243, 'Gigabyte Ultradurable', 'Eficiencia pura', 2400, 30),
(244, 'Cooler Sentey', 'Maximo rendimiento', 7000, 24),
(245, 'Monitor RGB 144Hz', 'Maximo rendimiento', 7000, 18),
(246, 'Mouse Wireless', 'Eficiencia pura', 4000, 25),
(247, 'GTX 1090 RGB', 'Ultima Generación en electronica', 7000, 22),
(248, 'DJ Controller', 'Maximo rendimiento', 2400, 25),
(249, 'Monitor RGB 144Hz', 'Ultima Generación en electronica', 900, 14),
(250, 'Gabinete RGB', 'Nuevo lanzamiento', 300, 100),
(251, 'Mouse Wireless', 'Eficiencia pura', 500, 100),
(252, 'Gabinete RGB', 'Ultima Generación en electronica', 300, 100),
(253, 'DJ Controller', 'Ultima Generación en electronica', 500, 25),
(254, 'Joystick PS4', 'Nuevo lanzamiento', 2400, 22),
(255, 'Gabinete RGB', 'El mejor confort', 500, 20),
(256, 'Monitor RGB 144Hz', 'Maximo rendimiento', 4000, 24),
(257, 'Joystick PS4', 'La cuspide de la evolución', 200, 25),
(258, 'GTX 1090 RGB', 'Ultima Generación en electronica', 200, 50),
(259, 'Teclado RGB HyperX', 'La cuspide de la evolución', 4000, 22),
(260, 'Gabinete RGB', 'El mejor confort', 18000, 24),
(261, 'Gigabyte Ultradurable', 'El mejor confort', 1500, 22),
(262, 'Mouse Wireless', 'Ultima Generación en electronica', 200, 50),
(263, 'DJ Controller', 'Ultima Generación en electronica', 900, 22),
(264, 'Gabinete RGB', 'El mejor confort', 1500, 12),
(265, 'Gabinete RGB', 'Eficiencia pura', 18000, 20),
(266, 'DJ Controller', 'Nuevo lanzamiento', 500, 12),
(267, 'Cooler Sentey', 'Nuevo lanzamiento', 1500, 12),
(268, 'Joystick PS4', 'Ultima Generación en electronica', 4000, 50),
(269, 'Ergonomic Chair', 'Ultima Generación en electronica', 2400, 30),
(270, 'GTX 1090 RGB', 'Nuevo lanzamiento', 4000, 50),
(271, 'Joystick PS4', 'Ultima Generación en electronica', 900, 100),
(272, 'Mouse Wireless', 'Eficiencia pura', 7000, 20),
(273, 'Joystick PS4', 'Ultima Generación en electronica', 200, 100),
(274, 'Gabinete RGB', 'Nuevo lanzamiento', 500, 100),
(275, 'Ergonomic Chair', 'Eficiencia pura', 1500, 14),
(276, 'Gabinete RGB', 'Maximo rendimiento', 1500, 12),
(277, 'GTX 1090 RGB', 'Nuevo lanzamiento', 1500, 22),
(278, 'Cooler Sentey', 'El mejor confort', 4000, 20),
(279, 'Teclado RGB HyperX', 'La cuspide de la evolución', 500, 18),
(280, 'Gigabyte Ultradurable', 'Eficiencia pura', 300, 30),
(281, 'GTX 1090 RGB', 'Maximo rendimiento', 200, 24),
(282, 'DJ Controller', 'Eficiencia pura', 1500, 50),
(283, 'Mouse Wireless', 'La cuspide de la evolución', 4000, 20),
(284, 'Gigabyte Ultradurable', 'El mejor confort', 300, 22),
(285, 'Teclado RGB HyperX', 'La cuspide de la evolución', 500, 30),
(286, 'Ergonomic Chair', 'El mejor confort', 7000, 100),
(287, 'Gabinete RGB', 'Ultima Generación en electronica', 7000, 24),
(288, 'DJ Controller', 'Eficiencia pura', 7000, 25),
(289, 'Mouse Wireless', 'La cuspide de la evolución', 7000, 12),
(290, 'Cooler Sentey', 'El mejor confort', 18000, 12),
(291, 'Monitor RGB 144Hz', 'Nuevo lanzamiento', 1500, 100),
(292, 'Monitor RGB 144Hz', 'Ultima Generación en electronica', 900, 50),
(293, 'Teclado RGB HyperX', 'Nuevo lanzamiento', 7000, 18),
(294, 'Monitor RGB 144Hz', 'Maximo rendimiento', 300, 25),
(295, 'Monitor RGB 144Hz', 'Maximo rendimiento', 2400, 18),
(296, 'Gigabyte Ultradurable', 'El mejor confort', 18000, 25),
(297, 'Ergonomic Chair', 'Ultima Generación en electronica', 2400, 100),
(298, 'Joystick PS4', 'La cuspide de la evolución', 2400, 25),
(299, 'Teclado RGB HyperX', 'Eficiencia pura', 300, 24),
(300, 'Teclado RGB HyperX', 'Nuevo lanzamiento', 300, 12),
(301, 'GTX 1090 RGB', 'Ultima Generación en electronica', 500, 30),
(302, 'Cooler Sentey', 'Maximo rendimiento', 2400, 24),
(303, 'Cooler Sentey', 'Eficiencia pura', 300, 18),
(304, 'DJ Controller', 'Ultima Generación en electronica', 500, 50),
(305, 'Mouse Wireless', 'Eficiencia pura', 4000, 100),
(306, 'GTX 1090 RGB', 'El mejor confort', 18000, 20),
(307, 'Monitor RGB 144Hz', 'Ultima Generación en electronica', 1500, 22),
(308, 'Gabinete RGB', 'El mejor confort', 500, 18),
(309, 'Monitor RGB 144Hz', 'Maximo rendimiento', 7000, 50),
(310, 'DJ Controller', 'Maximo rendimiento', 200, 24),
(311, 'Gigabyte Ultradurable', 'La cuspide de la evolución', 2400, 18),
(312, 'Monitor RGB 144Hz', 'Nuevo lanzamiento', 500, 100),
(313, 'Monitor RGB 144Hz', 'Maximo rendimiento', 1500, 100),
(314, 'Gigabyte Ultradurable', 'Eficiencia pura', 900, 100),
(315, 'Gabinete RGB', 'Maximo rendimiento', 18000, 25),
(316, 'Gigabyte Ultradurable', 'La cuspide de la evolución', 500, 25),
(317, 'Ergonomic Chair', 'La cuspide de la evolución', 900, 22),
(318, 'Monitor RGB 144Hz', 'Nuevo lanzamiento', 900, 100),
(319, 'Mouse Wireless', 'Eficiencia pura', 2400, 24),
(320, 'Monitor RGB 144Hz', 'Maximo rendimiento', 4000, 25),
(321, 'DJ Controller', 'Ultima Generación en electronica', 2400, 18),
(322, 'Cooler Sentey', 'Nuevo lanzamiento', 18000, 24),
(323, 'Joystick PS4', 'Nuevo lanzamiento', 7000, 30),
(324, 'Gigabyte Ultradurable', 'Eficiencia pura', 4000, 20),
(325, 'Teclado RGB HyperX', 'Ultima Generación en electronica', 900, 30),
(326, 'DJ Controller', 'Eficiencia pura', 1500, 14),
(327, 'Monitor RGB 144Hz', 'La cuspide de la evolución', 300, 100),
(328, 'Teclado RGB HyperX', 'Ultima Generación en electronica', 900, 100),
(329, 'Gigabyte Ultradurable', 'Eficiencia pura', 4000, 24),
(330, 'GTX 1090 RGB', 'El mejor confort', 2400, 30),
(331, 'Monitor RGB 144Hz', 'Ultima Generación en electronica', 900, 25),
(332, 'Cooler Sentey', 'Ultima Generación en electronica', 900, 100),
(333, 'DJ Controller', 'Ultima Generación en electronica', 500, 20),
(334, 'Cooler Sentey', 'Maximo rendimiento', 500, 20),
(335, 'Joystick PS4', 'El mejor confort', 900, 14),
(336, 'Cooler Sentey', 'Nuevo lanzamiento', 300, 20),
(337, 'Gabinete RGB', 'Eficiencia pura', 7000, 22),
(338, 'Gabinete RGB', 'La cuspide de la evolución', 1500, 24),
(339, 'GTX 1090 RGB', 'Ultima Generación en electronica', 1500, 24),
(340, 'Joystick PS4', 'Nuevo lanzamiento', 200, 22),
(341, 'Gabinete RGB', 'Maximo rendimiento', 500, 100),
(342, 'Gabinete RGB', 'Ultima Generación en electronica', 500, 24),
(343, 'Joystick PS4', 'Nuevo lanzamiento', 1500, 12),
(344, 'Cooler Sentey', 'Nuevo lanzamiento', 2400, 18),
(345, 'Gigabyte Ultradurable', 'El mejor confort', 4000, 100),
(346, 'Gabinete RGB', 'Eficiencia pura', 18000, 25),
(347, 'Gigabyte Ultradurable', 'Maximo rendimiento', 900, 18),
(348, 'Gigabyte Ultradurable', 'La cuspide de la evolución', 200, 30),
(349, 'Teclado RGB HyperX', 'Eficiencia pura', 18000, 14),
(350, 'Joystick PS4', 'Ultima Generación en electronica', 900, 22),
(351, 'Ergonomic Chair', 'Ultima Generación en electronica', 18000, 24),
(352, 'Mouse Wireless', 'La cuspide de la evolución', 2400, 18),
(353, 'Ergonomic Chair', 'Maximo rendimiento', 4000, 25),
(354, 'Joystick PS4', 'Maximo rendimiento', 2400, 24),
(355, 'Ergonomic Chair', 'La cuspide de la evolución', 500, 100),
(356, 'Monitor RGB 144Hz', 'Nuevo lanzamiento', 7000, 12),
(357, 'Mouse Wireless', 'Ultima Generación en electronica', 7000, 100),
(358, 'Teclado RGB HyperX', 'La cuspide de la evolución', 18000, 30),
(359, 'Monitor RGB 144Hz', 'Maximo rendimiento', 300, 18),
(360, 'GTX 1090 RGB', 'El mejor confort', 4000, 30),
(361, 'Gabinete RGB', 'Maximo rendimiento', 2400, 18),
(362, 'Gigabyte Ultradurable', 'El mejor confort', 7000, 50),
(363, 'Cooler Sentey', 'Nuevo lanzamiento', 200, 30),
(364, 'Joystick PS4', 'Nuevo lanzamiento', 900, 24),
(365, 'Gigabyte Ultradurable', 'Ultima Generación en electronica', 4000, 20),
(366, 'Joystick PS4', 'Eficiencia pura', 7000, 14),
(367, 'Mouse Wireless', 'El mejor confort', 7000, 22),
(368, 'DJ Controller', 'El mejor confort', 7000, 14),
(369, 'Joystick PS4', 'Maximo rendimiento', 7000, 50),
(370, 'DJ Controller', 'La cuspide de la evolución', 2400, 24),
(371, 'GTX 1090 RGB', 'La cuspide de la evolución', 200, 14),
(372, 'Ergonomic Chair', 'La cuspide de la evolución', 18000, 14),
(373, 'DJ Controller', 'Nuevo lanzamiento', 7000, 14),
(374, 'Mouse Wireless', 'Nuevo lanzamiento', 1500, 100),
(375, 'Teclado RGB HyperX', 'Ultima Generación en electronica', 900, 100),
(376, 'Cooler Sentey', 'La cuspide de la evolución', 1500, 100),
(377, 'Ergonomic Chair', 'La cuspide de la evolución', 7000, 14),
(378, 'Gigabyte Ultradurable', 'El mejor confort', 300, 18),
(379, 'Ergonomic Chair', 'Maximo rendimiento', 200, 18),
(380, 'Gabinete RGB', 'Ultima Generación en electronica', 1500, 24),
(381, 'Monitor RGB 144Hz', 'La cuspide de la evolución', 4000, 12),
(382, 'Ergonomic Chair', 'Nuevo lanzamiento', 1500, 22),
(383, 'DJ Controller', 'El mejor confort', 200, 14),
(384, 'Mouse Wireless', 'Maximo rendimiento', 200, 20),
(385, 'Gigabyte Ultradurable', 'Nuevo lanzamiento', 2400, 50),
(386, 'Gabinete RGB', 'Eficiencia pura', 1500, 20),
(387, 'GTX 1090 RGB', 'Eficiencia pura', 900, 14),
(388, 'GTX 1090 RGB', 'El mejor confort', 1500, 24),
(389, 'Monitor RGB 144Hz', 'Ultima Generación en electronica', 900, 25),
(390, 'Ergonomic Chair', 'Nuevo lanzamiento', 900, 12),
(391, 'GTX 1090 RGB', 'Nuevo lanzamiento', 200, 18),
(392, 'DJ Controller', 'Maximo rendimiento', 7000, 30),
(393, 'Gabinete RGB', 'Nuevo lanzamiento', 2400, 14),
(394, 'Ergonomic Chair', 'Maximo rendimiento', 7000, 25),
(395, 'Gigabyte Ultradurable', 'Eficiencia pura', 900, 12),
(396, 'Mouse Wireless', 'Ultima Generación en electronica', 500, 14),
(397, 'Monitor RGB 144Hz', 'Eficiencia pura', 4000, 100),
(398, 'Ergonomic Chair', 'El mejor confort', 900, 22),
(399, 'Joystick PS4', 'Nuevo lanzamiento', 7000, 50),
(400, 'Cooler Sentey', 'Eficiencia pura', 1500, 100),
(401, 'Monitor RGB 144Hz', 'La cuspide de la evolución', 300, 50),
(402, 'Mouse Wireless', 'Eficiencia pura', 4000, 14),
(403, 'Teclado RGB HyperX', 'Maximo rendimiento', 1500, 22),
(404, 'Cooler Sentey', 'Eficiencia pura', 900, 50),
(405, 'Gabinete RGB', 'Nuevo lanzamiento', 1500, 24),
(406, 'Teclado RGB HyperX', 'Ultima Generación en electronica', 4000, 25),
(407, 'Teclado RGB HyperX', 'Eficiencia pura', 500, 12),
(408, 'DJ Controller', 'El mejor confort', 1500, 14),
(409, 'Ergonomic Chair', 'Eficiencia pura', 7000, 24),
(410, 'Gigabyte Ultradurable', 'El mejor confort', 1500, 12),
(411, 'GTX 1090 RGB', 'Ultima Generación en electronica', 500, 12),
(412, 'DJ Controller', 'El mejor confort', 900, 25),
(413, 'GTX 1090 RGB', 'Nuevo lanzamiento', 300, 22),
(414, 'Monitor RGB 144Hz', 'La cuspide de la evolución', 7000, 20),
(415, 'Mouse Wireless', 'Ultima Generación en electronica', 1500, 20),
(416, 'Mouse Wireless', 'Eficiencia pura', 2400, 18),
(417, 'Teclado RGB HyperX', 'Eficiencia pura', 500, 18),
(418, 'Cooler Sentey', 'Nuevo lanzamiento', 300, 24),
(419, 'DJ Controller', 'La cuspide de la evolución', 200, 25),
(420, 'Monitor RGB 144Hz', 'El mejor confort', 900, 100),
(421, 'Ergonomic Chair', 'Ultima Generación en electronica', 4000, 100),
(422, 'DJ Controller', 'Maximo rendimiento', 200, 100),
(423, 'Gigabyte Ultradurable', 'Ultima Generación en electronica', 4000, 20),
(424, 'GTX 1090 RGB', 'Ultima Generación en electronica', 4000, 25),
(425, 'Gigabyte Ultradurable', 'Nuevo lanzamiento', 18000, 12),
(426, 'Ergonomic Chair', 'Maximo rendimiento', 200, 30),
(427, 'Ergonomic Chair', 'Ultima Generación en electronica', 4000, 20),
(428, 'GTX 1090 RGB', 'Nuevo lanzamiento', 500, 18),
(429, 'DJ Controller', 'El mejor confort', 500, 30),
(430, 'Cooler Sentey', 'Nuevo lanzamiento', 1500, 14),
(431, 'GTX 1090 RGB', 'El mejor confort', 1500, 100),
(432, 'Joystick PS4', 'La cuspide de la evolución', 300, 50),
(433, 'Cooler Sentey', 'La cuspide de la evolución', 7000, 20),
(434, 'Gigabyte Ultradurable', 'Nuevo lanzamiento', 300, 18),
(435, 'Mouse Wireless', 'Nuevo lanzamiento', 1500, 12),
(436, 'Gigabyte Ultradurable', 'Eficiencia pura', 4000, 30),
(437, 'Teclado RGB HyperX', 'Ultima Generación en electronica', 300, 50),
(438, 'Gigabyte Ultradurable', 'El mejor confort', 1500, 25),
(439, 'DJ Controller', 'Ultima Generación en electronica', 1500, 18),
(440, 'Mouse Wireless', 'Ultima Generación en electronica', 7000, 25),
(441, 'Cooler Sentey', 'Nuevo lanzamiento', 200, 22),
(442, 'Ergonomic Chair', 'Maximo rendimiento', 200, 24),
(443, 'Ergonomic Chair', 'La cuspide de la evolución', 900, 25),
(444, 'Gigabyte Ultradurable', 'Maximo rendimiento', 300, 24),
(445, 'Joystick PS4', 'Eficiencia pura', 2400, 30),
(446, 'Mouse Wireless', 'La cuspide de la evolución', 500, 50),
(447, 'Monitor RGB 144Hz', 'Eficiencia pura', 1500, 50),
(448, 'Ergonomic Chair', 'Maximo rendimiento', 4000, 30),
(449, 'GTX 1090 RGB', 'Nuevo lanzamiento', 18000, 12),
(450, 'Teclado RGB HyperX', 'Eficiencia pura', 500, 14),
(451, 'Teclado RGB HyperX', 'El mejor confort', 7000, 30),
(452, 'Joystick PS4', 'Ultima Generación en electronica', 900, 12),
(453, 'Cooler Sentey', 'Ultima Generación en electronica', 200, 20),
(454, 'Gabinete RGB', 'Eficiencia pura', 200, 12),
(455, 'Ergonomic Chair', 'El mejor confort', 900, 20),
(456, 'Cooler Sentey', 'Maximo rendimiento', 900, 30),
(457, 'Teclado RGB HyperX', 'Maximo rendimiento', 18000, 22),
(458, 'Ergonomic Chair', 'Ultima Generación en electronica', 500, 12),
(459, 'Gabinete RGB', 'Ultima Generación en electronica', 300, 24),
(460, 'Ergonomic Chair', 'Nuevo lanzamiento', 7000, 100),
(461, 'Gigabyte Ultradurable', 'Maximo rendimiento', 200, 20),
(462, 'Monitor RGB 144Hz', 'Ultima Generación en electronica', 900, 24),
(463, 'GTX 1090 RGB', 'Nuevo lanzamiento', 4000, 22),
(464, 'Mouse Wireless', 'Ultima Generación en electronica', 300, 14),
(465, 'GTX 1090 RGB', 'El mejor confort', 900, 14),
(466, 'Ergonomic Chair', 'El mejor confort', 300, 100),
(467, 'Teclado RGB HyperX', 'Nuevo lanzamiento', 18000, 25),
(468, 'DJ Controller', 'Maximo rendimiento', 18000, 100),
(469, 'GTX 1090 RGB', 'Eficiencia pura', 1500, 24),
(470, 'Joystick PS4', 'El mejor confort', 4000, 20),
(471, 'DJ Controller', 'Maximo rendimiento', 500, 100),
(472, 'GTX 1090 RGB', 'Eficiencia pura', 18000, 50),
(473, 'Gigabyte Ultradurable', 'Maximo rendimiento', 1500, 12),
(474, 'Gigabyte Ultradurable', 'Nuevo lanzamiento', 500, 25),
(475, 'DJ Controller', 'Nuevo lanzamiento', 300, 100),
(476, 'DJ Controller', 'Maximo rendimiento', 300, 30),
(477, 'Mouse Wireless', 'Ultima Generación en electronica', 200, 12),
(478, 'Joystick PS4', 'Maximo rendimiento', 4000, 25),
(479, 'Gigabyte Ultradurable', 'Eficiencia pura', 18000, 25),
(480, 'Mouse Wireless', 'Eficiencia pura', 2400, 30),
(481, 'DJ Controller', 'Maximo rendimiento', 2400, 25),
(482, 'Monitor RGB 144Hz', 'Maximo rendimiento', 300, 100),
(483, 'Joystick PS4', 'El mejor confort', 900, 50),
(484, 'Monitor RGB 144Hz', 'Nuevo lanzamiento', 200, 30),
(485, 'Teclado RGB HyperX', 'Nuevo lanzamiento', 2400, 14),
(486, 'Joystick PS4', 'Eficiencia pura', 7000, 18),
(487, 'Gigabyte Ultradurable', 'Nuevo lanzamiento', 200, 12),
(488, 'Gabinete RGB', 'Eficiencia pura', 4000, 25),
(489, 'Monitor RGB 144Hz', 'El mejor confort', 4000, 12),
(490, 'GTX 1090 RGB', 'Ultima Generación en electronica', 7000, 100),
(491, 'Ergonomic Chair', 'Maximo rendimiento', 18000, 100),
(492, 'Joystick PS4', 'Eficiencia pura', 4000, 12),
(493, 'Ergonomic Chair', 'Maximo rendimiento', 18000, 25),
(494, 'Cooler Sentey', 'El mejor confort', 18000, 24),
(495, 'Mouse Wireless', 'Maximo rendimiento', 2400, 18),
(496, 'Cooler Sentey', 'Nuevo lanzamiento', 300, 18),
(497, 'Cooler Sentey', 'Maximo rendimiento', 300, 24),
(498, 'Ergonomic Chair', 'La cuspide de la evolución', 200, 18),
(499, 'DJ Controller', 'La cuspide de la evolución', 4000, 18),
(500, 'Joystick PS4', 'Nuevo lanzamiento', 4000, 18);

-- --------------------------------------------------------

--
-- Estructura de tabla para la tabla `transacciones`
--

CREATE TABLE `transacciones` (
  `ID_Transaccion` int(11) NOT NULL,
  `Precio_Pagado` int(11) DEFAULT NULL,
  `Impuesto` varchar(25) DEFAULT NULL,
  `Impuesto_Monto` int(11) DEFAULT NULL,
  `Fecha_Compra` date DEFAULT current_timestamp(),
  `ID_Comprador` int(11) DEFAULT NULL,
  `ID_Producto` int(11) DEFAULT NULL
) ENGINE=InnoDB DEFAULT CHARSET=utf8mb4;

--
-- Volcado de datos para la tabla `transacciones`
--

INSERT INTO `transacciones` (`ID_Transaccion`, `Precio_Pagado`, `Impuesto`, `Impuesto_Monto`, `Fecha_Compra`, `ID_Comprador`, `ID_Producto`) VALUES
(1, 4000, 'Impuesto de Sellado', 500, '2023-02-15', 10, 138),
(2, 900, 'Impuesto de Sellado', 300, '2023-02-15', 458, 406),
(3, 7000, 'Impuesto de Sellado', 150, '2023-02-15', 286, 153),
(4, 18000, 'Impuesto de Sellado', 245, '2023-02-15', 496, 322),
(5, 1500, 'Monotributo', 300, '2023-02-15', 203, 385),
(6, 500, 'Impuesto a las ganancias', 245, '2023-02-15', 309, 437),
(7, 4000, 'Impuesto a las ganancias', 500, '2023-02-15', 95, 277),
(8, 7000, 'Impuesto de Sellado', 245, '2023-02-15', 273, 499),
(9, 900, 'Impuesto de Sellado', 175, '2023-02-15', 143, 359),
(10, 4000, 'IVA', 500, '2023-02-15', 234, 23),
(11, 500, 'Impuesto de Sellado', 400, '2023-02-15', 144, 259),
(12, 7000, 'Impuesto a las ganancias', 245, '2023-02-15', 240, 394),
(13, 900, 'Impuesto a las ganancias', 500, '2023-02-15', 32, 323),
(14, 2400, 'Impuesto a las ganancias', 300, '2023-02-15', 123, 191),
(15, 7000, 'IVA', 175, '2023-02-15', 344, 437),
(16, 18000, 'IVA', 500, '2023-02-15', 138, 335),
(17, 200, 'IVA', 250, '2023-02-15', 80, 330),
(18, 2400, 'Impuesto de Sellado', 500, '2023-02-15', 233, 401),
(19, 300, 'IVA', 150, '2023-02-15', 256, 401),
(20, 500, 'IVA', 245, '2023-02-15', 224, 253),
(21, 500, 'Impuesto de Sellado', 300, '2023-02-15', 70, 38),
(22, 18000, 'Impuesto de Sellado', 400, '2023-02-15', 34, 50),
(23, 18000, 'Impuesto a las ganancias', 250, '2023-02-15', 194, 312),
(24, 2400, 'IVA', 250, '2023-02-15', 250, 145),
(25, 7000, 'Impuesto de Sellado', 250, '2023-02-15', 203, 246),
(26, 4000, 'IVA', 400, '2023-02-15', 386, 45),
(27, 200, 'IVA', 300, '2023-02-15', 47, 225),
(28, 18000, 'Impuesto a las ganancias', 150, '2023-02-15', 186, 203),
(29, 18000, 'Monotributo', 400, '2023-02-15', 123, 431),
(30, 4000, 'IVA', 500, '2023-02-15', 493, 312),
(31, 2400, 'Impuesto de Sellado', 150, '2023-02-15', 24, 436),
(32, 900, 'IVA', 300, '2023-02-15', 192, 81),
(33, 500, 'Impuesto de Sellado', 250, '2023-02-15', 230, 418),
(34, 18000, 'Impuesto a las ganancias', 300, '2023-02-15', 176, 254),
(35, 1500, 'Monotributo', 500, '2023-02-15', 315, 222),
(36, 4000, 'Impuesto de Sellado', 300, '2023-02-15', 261, 426),
(37, 300, 'IVA', 150, '2023-02-15', 19, 210),
(38, 1500, 'Impuesto de Sellado', 250, '2023-02-15', 437, 320),
(39, 500, 'Monotributo', 150, '2023-02-15', 161, 104),
(40, 7000, 'Impuesto a las ganancias', 300, '2023-02-15', 83, 294),
(41, 300, 'IVA', 500, '2023-02-15', 465, 484),
(42, 900, 'Impuesto de Sellado', 500, '2023-02-15', 393, 251),
(43, 500, 'Impuesto de Sellado', 245, '2023-02-15', 494, 490),
(44, 7000, 'Impuesto a las ganancias', 175, '2023-02-15', 449, 2),
(45, 18000, 'IVA', 245, '2023-02-15', 485, 240),
(46, 300, 'IVA', 250, '2023-02-15', 426, 460),
(47, 900, 'Impuesto a las ganancias', 175, '2023-02-15', 105, 324),
(48, 300, 'Impuesto de Sellado', 500, '2023-02-15', 133, 224),
(49, 7000, 'Impuesto de Sellado', 250, '2023-02-15', 426, 363),
(50, 900, 'IVA', 300, '2023-02-15', 442, 84),
(51, 2400, 'IVA', 400, '2023-02-15', 139, 287),
(52, 4000, 'Impuesto de Sellado', 245, '2023-02-15', 378, 252),
(53, 500, 'Impuesto a las ganancias', 500, '2023-02-15', 171, 431),
(54, 200, 'Impuesto a las ganancias', 400, '2023-02-15', 198, 443),
(55, 1500, 'Impuesto de Sellado', 500, '2023-02-15', 268, 214),
(56, 1500, 'Impuesto de Sellado', 175, '2023-02-15', 348, 127),
(57, 900, 'Monotributo', 400, '2023-02-15', 230, 132),
(58, 900, 'Impuesto a las ganancias', 250, '2023-02-15', 277, 347),
(59, 500, 'IVA', 250, '2023-02-15', 123, 51),
(60, 7000, 'Impuesto de Sellado', 300, '2023-02-15', 226, 67),
(61, 900, 'IVA', 500, '2023-02-15', 16, 219),
(62, 1500, 'Impuesto de Sellado', 400, '2023-02-15', 338, 400),
(63, 7000, 'Monotributo', 175, '2023-02-15', 282, 97),
(64, 18000, 'Monotributo', 500, '2023-02-15', 171, 160),
(65, 4000, 'Impuesto de Sellado', 150, '2023-02-15', 446, 36),
(66, 900, 'Monotributo', 175, '2023-02-15', 331, 400),
(67, 500, 'Impuesto a las ganancias', 300, '2023-02-15', 499, 238),
(68, 300, 'IVA', 300, '2023-02-15', 80, 451),
(69, 300, 'Impuesto a las ganancias', 400, '2023-02-15', 384, 310),
(70, 300, 'Impuesto a las ganancias', 150, '2023-02-15', 276, 417),
(71, 200, 'Impuesto de Sellado', 400, '2023-02-15', 468, 112),
(72, 7000, 'Monotributo', 250, '2023-02-15', 168, 158),
(73, 2400, 'Impuesto a las ganancias', 150, '2023-02-15', 453, 149),
(74, 200, 'IVA', 500, '2023-02-15', 225, 240),
(76, 7000, 'Impuesto a las ganancias', 175, '2023-02-15', 91, 4),
(77, 900, 'Impuesto a las ganancias', 175, '2023-02-15', 66, 73),
(78, 18000, 'IVA', 500, '2023-02-15', 79, 245),
(79, 900, 'IVA', 300, '2023-02-15', 209, 313),
(80, 4000, 'Impuesto de Sellado', 300, '2023-02-15', 454, 351),
(81, 900, 'IVA', 300, '2023-02-15', 141, 224),
(82, 4000, 'Impuesto a las ganancias', 400, '2023-02-15', 222, 355),
(83, 200, 'Impuesto a las ganancias', 400, '2023-02-15', 314, 364),
(84, 200, 'Impuesto a las ganancias', 150, '2023-02-15', 423, 403),
(85, 200, 'Impuesto de Sellado', 500, '2023-02-15', 197, 414),
(86, 1500, 'Impuesto a las ganancias', 400, '2023-02-15', 311, 258),
(87, 900, 'Impuesto de Sellado', 400, '2023-02-15', 18, 271),
(88, 7000, 'Monotributo', 175, '2023-02-15', 234, 424),
(89, 2400, 'Impuesto de Sellado', 400, '2023-02-15', 134, 370),
(90, 4000, 'Impuesto de Sellado', 150, '2023-02-15', 168, 271),
(91, 1500, 'Impuesto a las ganancias', 250, '2023-02-15', 50, 279),
(92, 1500, 'IVA', 175, '2023-02-15', 422, 90),
(93, 2400, 'IVA', 150, '2023-02-15', 291, 493),
(94, 500, 'Impuesto de Sellado', 300, '2023-02-15', 375, 131),
(95, 2400, 'IVA', 500, '2023-02-15', 116, 287),
(96, 200, 'Impuesto de Sellado', 245, '2023-02-15', 326, 368),
(97, 900, 'Impuesto a las ganancias', 300, '2023-02-15', 394, 177),
(98, 2400, 'Impuesto de Sellado', 245, '2023-02-15', 50, 89),
(99, 7000, 'Monotributo', 300, '2023-02-15', 261, 3),
(100, 200, 'Impuesto de Sellado', 300, '2023-02-15', 348, 388),
(101, 1500, 'Impuesto de Sellado', 150, '2023-02-15', 201, 131),
(102, 200, 'Impuesto a las ganancias', 150, '2023-02-15', 150, 354),
(103, 7000, 'Monotributo', 150, '2023-02-15', 12, 158),
(104, 2400, 'Impuesto de Sellado', 245, '2023-02-15', 459, 448),
(105, 18000, 'Monotributo', 300, '2023-02-15', 14, 64),
(106, 4000, 'Impuesto a las ganancias', 150, '2023-02-15', 168, 22),
(107, 200, 'Monotributo', 150, '2023-02-15', 168, 38),
(108, 200, 'Impuesto a las ganancias', 500, '2023-02-15', 92, 183),
(109, 1500, 'Impuesto de Sellado', 150, '2023-02-15', 260, 481),
(110, 18000, 'IVA', 175, '2023-02-15', 283, 28),
(111, 4000, 'IVA', 150, '2023-02-15', 393, 328),
(112, 4000, 'Impuesto de Sellado', 300, '2023-02-15', 128, 171),
(113, 2400, 'Monotributo', 300, '2023-02-15', 23, 293),
(114, 900, 'Monotributo', 250, '2023-02-15', 155, 229),
(115, 7000, 'IVA', 400, '2023-02-15', 311, 468),
(116, 500, 'IVA', 150, '2023-02-15', 354, 381),
(117, 200, 'Monotributo', 300, '2023-02-15', 295, 111),
(118, 2400, 'Impuesto a las ganancias', 300, '2023-02-15', 223, 45),
(119, 500, 'Impuesto de Sellado', 150, '2023-02-15', 223, 334),
(120, 7000, 'IVA', 175, '2023-02-15', 126, 195),
(121, 300, 'IVA', 400, '2023-02-15', 374, 495),
(122, 2400, 'Impuesto a las ganancias', 175, '2023-02-15', 382, 169),
(123, 18000, 'IVA', 175, '2023-02-15', 53, 86),
(124, 18000, 'Impuesto de Sellado', 400, '2023-02-15', 167, 117),
(125, 900, 'IVA', 300, '2023-02-15', 238, 139),
(126, 2400, 'IVA', 150, '2023-02-15', 148, 236),
(127, 300, 'Impuesto de Sellado', 300, '2023-02-15', 27, 61),
(128, 2400, 'Monotributo', 175, '2023-02-15', 348, 153),
(129, 7000, 'Impuesto de Sellado', 150, '2023-02-15', 472, 166),
(130, 500, 'Impuesto a las ganancias', 150, '2023-02-15', 210, 444),
(131, 500, 'Monotributo', 500, '2023-02-15', 8, 347),
(132, 900, 'Impuesto de Sellado', 150, '2023-02-15', 345, 477),
(133, 300, 'Impuesto a las ganancias', 150, '2023-02-15', 183, 436),
(134, 300, 'Impuesto a las ganancias', 175, '2023-02-15', 337, 424),
(135, 200, 'Monotributo', 175, '2023-02-15', 63, 178),
(136, 1500, 'Impuesto de Sellado', 150, '2023-02-15', 298, 208),
(137, 18000, 'Monotributo', 250, '2023-02-15', 277, 278),
(138, 7000, 'Monotributo', 300, '2023-02-15', 477, 67),
(139, 2400, 'Impuesto de Sellado', 175, '2023-02-15', 33, 305),
(140, 300, 'Impuesto a las ganancias', 250, '2023-02-15', 49, 150),
(141, 18000, 'Monotributo', 245, '2023-02-15', 78, 354),
(142, 900, 'IVA', 250, '2023-02-15', 81, 87),
(143, 900, 'Monotributo', 150, '2023-02-15', 402, 490),
(144, 900, 'Impuesto de Sellado', 500, '2023-02-15', 160, 58),
(145, 1500, 'IVA', 175, '2023-02-15', 132, 434),
(146, 1500, 'Impuesto de Sellado', 150, '2023-02-15', 345, 461),
(147, 18000, 'Impuesto a las ganancias', 250, '2023-02-15', 203, 373),
(148, 200, 'IVA', 175, '2023-02-15', 438, 482),
(149, 500, 'Monotributo', 250, '2023-02-15', 298, 319),
(150, 7000, 'Monotributo', 245, '2023-02-15', 268, 367),
(151, 300, 'Monotributo', 250, '2023-02-15', 376, 53),
(152, 7000, 'IVA', 245, '2023-02-15', 467, 369),
(153, 300, 'Impuesto a las ganancias', 150, '2023-02-15', 178, 33),
(154, 18000, 'Impuesto de Sellado', 250, '2023-02-15', 440, 414),
(155, 200, 'IVA', 150, '2023-02-15', 321, 429),
(156, 300, 'Impuesto de Sellado', 245, '2023-02-15', 71, 337),
(157, 200, 'Impuesto de Sellado', 400, '2023-02-15', 348, 25),
(158, 1500, 'Impuesto a las ganancias', 175, '2023-02-15', 420, 324),
(159, 2400, 'IVA', 300, '2023-02-15', 343, 56),
(160, 900, 'Monotributo', 250, '2023-02-15', 4, 185),
(161, 7000, 'Impuesto a las ganancias', 500, '2023-02-15', 413, 277),
(162, 2400, 'IVA', 300, '2023-02-15', 269, 437),
(163, 1500, 'Monotributo', 400, '2023-02-15', 225, 87),
(164, 7000, 'IVA', 400, '2023-02-15', 278, 36),
(165, 1500, 'Monotributo', 400, '2023-02-15', 248, 292),
(166, 7000, 'IVA', 250, '2023-02-15', 465, 311),
(167, 18000, 'Impuesto a las ganancias', 175, '2023-02-15', 280, 483),
(168, 7000, 'Impuesto a las ganancias', 250, '2023-02-15', 126, 18),
(169, 500, 'Monotributo', 175, '2023-02-15', 55, 151),
(170, 2400, 'Impuesto a las ganancias', 245, '2023-02-15', 72, 436),
(171, 200, 'Impuesto a las ganancias', 500, '2023-02-15', 286, 184),
(172, 200, 'Impuesto de Sellado', 150, '2023-02-15', 351, 457),
(173, 18000, 'Impuesto de Sellado', 175, '2023-02-15', 65, 484),
(175, 4000, 'Monotributo', 400, '2023-02-15', 419, 189),
(176, 200, 'IVA', 500, '2023-02-15', 364, 215),
(177, 1500, 'Impuesto de Sellado', 175, '2023-02-15', 256, 474),
(178, 300, 'Monotributo', 150, '2023-02-15', 16, 50),
(179, 7000, 'IVA', 150, '2023-02-15', 312, 23),
(180, 1500, 'Impuesto de Sellado', 300, '2023-02-15', 304, 99),
(181, 500, 'Monotributo', 500, '2023-02-15', 409, 75),
(182, 1500, 'Impuesto de Sellado', 300, '2023-02-15', 341, 284),
(183, 900, 'Monotributo', 500, '2023-02-15', 420, 248),
(184, 300, 'Monotributo', 175, '2023-02-15', 396, 154),
(185, 200, 'Monotributo', 250, '2023-02-15', 499, 433),
(186, 18000, 'Impuesto de Sellado', 150, '2023-02-15', 36, 49),
(187, 4000, 'Monotributo', 150, '2023-02-15', 98, 455),
(188, 7000, 'Impuesto de Sellado', 250, '2023-02-15', 213, 11),
(189, 200, 'IVA', 400, '2023-02-15', 118, 351),
(190, 900, 'Monotributo', 300, '2023-02-15', 127, 387),
(191, 300, 'Impuesto a las ganancias', 300, '2023-02-15', 46, 369),
(192, 300, 'Impuesto de Sellado', 175, '2023-02-15', 136, 347),
(193, 2400, 'Impuesto a las ganancias', 245, '2023-02-15', 164, 441),
(194, 200, 'IVA', 500, '2023-02-15', 358, 220),
(195, 200, 'IVA', 250, '2023-02-15', 381, 491),
(196, 200, 'Monotributo', 175, '2023-02-15', 32, 192),
(197, 500, 'IVA', 250, '2023-02-15', 76, 183),
(198, 300, 'Impuesto a las ganancias', 250, '2023-02-15', 440, 31),
(199, 18000, 'Impuesto de Sellado', 175, '2023-02-15', 79, 98),
(201, 900, 'Monotributo', 300, '2023-02-15', 197, 265),
(202, 18000, 'Monotributo', 300, '2023-02-15', 395, 127),
(203, 1500, 'Impuesto de Sellado', 175, '2023-02-15', 244, 281),
(204, 4000, 'Monotributo', 245, '2023-02-15', 433, 405),
(205, 7000, 'IVA', 245, '2023-02-15', 248, 122),
(206, 2400, 'Impuesto de Sellado', 400, '2023-02-15', 409, 353),
(207, 300, 'Impuesto a las ganancias', 250, '2023-02-15', 183, 100),
(208, 200, 'Impuesto a las ganancias', 175, '2023-02-15', 183, 474),
(209, 7000, 'IVA', 400, '2023-02-15', 99, 405),
(210, 1500, 'IVA', 400, '2023-02-15', 232, 431),
(211, 18000, 'Monotributo', 175, '2023-02-15', 414, 299),
(212, 500, 'Impuesto de Sellado', 245, '2023-02-15', 391, 175),
(213, 500, 'Monotributo', 400, '2023-02-15', 38, 444),
(214, 18000, 'Monotributo', 500, '2023-02-15', 388, 11),
(215, 300, 'Monotributo', 175, '2023-02-15', 199, 45),
(216, 18000, 'IVA', 300, '2023-02-15', 246, 272),
(217, 200, 'Monotributo', 300, '2023-02-15', 125, 322),
(218, 200, 'IVA', 250, '2023-02-15', 14, 92),
(219, 18000, 'IVA', 300, '2023-02-15', 241, 14),
(220, 7000, 'IVA', 150, '2023-02-15', 25, 466),
(221, 7000, 'Impuesto de Sellado', 245, '2023-02-15', 245, 330),
(222, 200, 'IVA', 500, '2023-02-15', 49, 146),
(223, 7000, 'Impuesto a las ganancias', 250, '2023-02-15', 245, 379),
(224, 900, 'Monotributo', 500, '2023-02-15', 313, 449),
(225, 18000, 'Impuesto de Sellado', 300, '2023-02-15', 71, 322),
(226, 900, 'IVA', 500, '2023-02-15', 406, 483),
(227, 1500, 'Impuesto a las ganancias', 150, '2023-02-15', 26, 61),
(228, 18000, 'Impuesto de Sellado', 300, '2023-02-15', 494, 91),
(229, 200, 'Impuesto a las ganancias', 245, '2023-02-15', 492, 396),
(230, 7000, 'Monotributo', 400, '2023-02-15', 24, 14),
(231, 18000, 'IVA', 400, '2023-02-15', 407, 407),
(232, 7000, 'Impuesto a las ganancias', 400, '2023-02-15', 200, 142),
(233, 1500, 'Impuesto a las ganancias', 245, '2023-02-15', 347, 313),
(234, 2400, 'Impuesto a las ganancias', 175, '2023-02-15', 267, 260),
(235, 18000, 'Impuesto a las ganancias', 300, '2023-02-15', 48, 239),
(236, 1500, 'Monotributo', 150, '2023-02-15', 278, 360),
(237, 900, 'Monotributo', 245, '2023-02-15', 392, 187),
(238, 500, 'Monotributo', 250, '2023-02-15', 41, 279),
(239, 1500, 'IVA', 250, '2023-02-15', 246, 99),
(240, 900, 'Monotributo', 500, '2023-02-15', 266, 454),
(241, 2400, 'Impuesto de Sellado', 150, '2023-02-15', 30, 8),
(242, 1500, 'Impuesto a las ganancias', 250, '2023-02-15', 207, 195),
(243, 200, 'Monotributo', 250, '2023-02-15', 403, 239),
(244, 18000, 'Monotributo', 400, '2023-02-15', 119, 59),
(245, 2400, 'IVA', 175, '2023-02-15', 276, 368),
(246, 2400, 'IVA', 500, '2023-02-15', 112, 343),
(247, 500, 'Impuesto a las ganancias', 400, '2023-02-15', 88, 211),
(248, 500, 'IVA', 245, '2023-02-15', 325, 396),
(249, 2400, 'Impuesto a las ganancias', 300, '2023-02-15', 489, 327),
(250, 900, 'Impuesto de Sellado', 175, '2023-02-15', 426, 44),
(251, 200, 'Impuesto a las ganancias', 150, '2023-02-15', 309, 289),
(252, 200, 'Monotributo', 400, '2023-02-15', 5, 484),
(253, 4000, 'Monotributo', 150, '2023-02-15', 414, 445),
(254, 200, 'Monotributo', 245, '2023-02-15', 145, 357),
(255, 1500, 'Monotributo', 175, '2023-02-15', 484, 325),
(256, 4000, 'Impuesto a las ganancias', 400, '2023-02-15', 368, 478),
(257, 7000, 'Monotributo', 300, '2023-02-15', 205, 372),
(258, 1500, 'Impuesto de Sellado', 250, '2023-02-15', 339, 190),
(259, 7000, 'IVA', 150, '2023-02-15', 114, 461),
(260, 900, 'Monotributo', 250, '2023-02-15', 361, 286),
(261, 7000, 'IVA', 400, '2023-02-15', 40, 422),
(262, 300, 'Impuesto de Sellado', 400, '2023-02-15', 26, 384),
(263, 4000, 'Monotributo', 175, '2023-02-15', 487, 292),
(264, 2400, 'Impuesto a las ganancias', 400, '2023-02-15', 393, 225),
(265, 4000, 'IVA', 300, '2023-02-15', 176, 217),
(266, 1500, 'IVA', 500, '2023-02-15', 252, 446),
(267, 7000, 'Impuesto a las ganancias', 150, '2023-02-15', 48, 425),
(268, 18000, 'Impuesto de Sellado', 300, '2023-02-15', 85, 413),
(269, 500, 'Monotributo', 245, '2023-02-15', 71, 277),
(270, 200, 'Impuesto a las ganancias', 400, '2023-02-15', 206, 460),
(271, 2400, 'Impuesto de Sellado', 300, '2023-02-15', 287, 353),
(272, 4000, 'Monotributo', 300, '2023-02-15', 148, 159),
(273, 300, 'IVA', 175, '2023-02-15', 182, 368),
(274, 7000, 'Monotributo', 150, '2023-02-15', 442, 295),
(275, 900, 'Impuesto a las ganancias', 175, '2023-02-15', 8, 182),
(276, 7000, 'Impuesto de Sellado', 300, '2023-02-15', 55, 226),
(277, 1500, 'IVA', 245, '2023-02-15', 362, 476),
(278, 18000, 'Impuesto de Sellado', 245, '2023-02-15', 127, 294),
(279, 500, 'Impuesto de Sellado', 150, '2023-02-15', 387, 211),
(280, 7000, 'Impuesto a las ganancias', 250, '2023-02-15', 277, 7),
(281, 7000, 'Impuesto a las ganancias', 245, '2023-02-15', 256, 301),
(282, 4000, 'Impuesto a las ganancias', 245, '2023-02-15', 403, 105),
(283, 200, 'Monotributo', 150, '2023-02-15', 394, 99),
(284, 200, 'Impuesto a las ganancias', 250, '2023-02-15', 93, 247),
(285, 4000, 'Impuesto de Sellado', 250, '2023-02-15', 388, 418),
(286, 200, 'Impuesto de Sellado', 400, '2023-02-15', 391, 133),
(287, 500, 'Impuesto de Sellado', 250, '2023-02-15', 417, 178),
(288, 500, 'Impuesto de Sellado', 150, '2023-02-15', 286, 106),
(289, 7000, 'Impuesto de Sellado', 500, '2023-02-15', 343, 64),
(290, 900, 'IVA', 150, '2023-02-15', 470, 156),
(291, 500, 'Impuesto de Sellado', 400, '2023-02-15', 64, 170),
(292, 18000, 'IVA', 250, '2023-02-15', 491, 348),
(293, 900, 'Impuesto de Sellado', 245, '2023-02-15', 328, 222),
(294, 200, 'Monotributo', 245, '2023-02-15', 249, 31),
(295, 18000, 'IVA', 245, '2023-02-15', 169, 50),
(296, 1500, 'Impuesto de Sellado', 150, '2023-02-15', 208, 96),
(297, 7000, 'IVA', 300, '2023-02-15', 124, 229),
(298, 4000, 'Impuesto a las ganancias', 250, '2023-02-15', 307, 92),
(299, 900, 'Monotributo', 300, '2023-02-15', 314, 443),
(300, 200, 'Impuesto a las ganancias', 245, '2023-02-15', 126, 137),
(301, 18000, 'Impuesto a las ganancias', 400, '2023-02-15', 79, 162),
(302, 900, 'Impuesto a las ganancias', 400, '2023-02-15', 485, 76),
(303, 4000, 'Impuesto a las ganancias', 250, '2023-02-15', 345, 236),
(304, 2400, 'Monotributo', 175, '2023-02-15', 209, 242),
(305, 200, 'Impuesto a las ganancias', 175, '2023-02-15', 78, 432),
(306, 900, 'Monotributo', 150, '2023-02-15', 110, 459),
(307, 2400, 'Impuesto de Sellado', 400, '2023-02-15', 190, 222),
(308, 4000, 'Monotributo', 150, '2023-02-15', 276, 74),
(309, 900, 'Impuesto a las ganancias', 250, '2023-02-15', 298, 307),
(310, 7000, 'Impuesto a las ganancias', 400, '2023-02-15', 249, 309),
(311, 300, 'Impuesto de Sellado', 175, '2023-02-15', 142, 70),
(312, 2400, 'Impuesto de Sellado', 300, '2023-02-15', 211, 44),
(313, 18000, 'Monotributo', 400, '2023-02-15', 83, 385),
(314, 1500, 'IVA', 245, '2023-02-15', 391, 287),
(315, 300, 'Monotributo', 500, '2023-02-15', 49, 398),
(316, 500, 'Impuesto de Sellado', 500, '2023-02-15', 335, 3),
(317, 7000, 'Impuesto a las ganancias', 250, '2023-02-15', 66, 216),
(318, 4000, 'Monotributo', 300, '2023-02-15', 100, 29),
(319, 300, 'Impuesto de Sellado', 300, '2023-02-15', 486, 378),
(320, 900, 'Impuesto de Sellado', 300, '2023-02-15', 241, 54),
(321, 18000, 'Impuesto a las ganancias', 150, '2023-02-15', 213, 489),
(322, 2400, 'Impuesto a las ganancias', 300, '2023-02-15', 246, 367),
(323, 300, 'IVA', 300, '2023-02-15', 307, 139),
(324, 18000, 'Monotributo', 400, '2023-02-15', 450, 154),
(325, 900, 'Impuesto a las ganancias', 400, '2023-02-15', 88, 477),
(326, 300, 'Impuesto de Sellado', 400, '2023-02-15', 320, 435),
(327, 500, 'Impuesto a las ganancias', 500, '2023-02-15', 453, 104),
(328, 200, 'Impuesto a las ganancias', 300, '2023-02-15', 370, 308),
(329, 7000, 'Impuesto a las ganancias', 245, '2023-02-15', 66, 201),
(330, 500, 'Impuesto a las ganancias', 300, '2023-02-15', 73, 436),
(331, 300, 'Monotributo', 175, '2023-02-15', 267, 195),
(332, 2400, 'Impuesto de Sellado', 300, '2023-02-15', 109, 251),
(333, 18000, 'Impuesto de Sellado', 250, '2023-02-15', 375, 459),
(334, 900, 'Monotributo', 150, '2023-02-15', 473, 300),
(335, 1500, 'Impuesto de Sellado', 300, '2023-02-15', 243, 160),
(336, 2400, 'IVA', 245, '2023-02-15', 323, 254),
(337, 1500, 'IVA', 300, '2023-02-15', 30, 228),
(338, 18000, 'Monotributo', 400, '2023-02-15', 407, 390),
(339, 500, 'Impuesto de Sellado', 300, '2023-02-15', 327, 25),
(340, 500, 'Impuesto a las ganancias', 500, '2023-02-15', 85, 246),
(341, 1500, 'Impuesto a las ganancias', 175, '2023-02-15', 325, 325),
(342, 200, 'Impuesto de Sellado', 150, '2023-02-15', 406, 374),
(343, 1500, 'Monotributo', 245, '2023-02-15', 488, 23),
(344, 500, 'IVA', 300, '2023-02-15', 224, 126),
(345, 200, 'Monotributo', 150, '2023-02-15', 169, 327),
(346, 200, 'IVA', 500, '2023-02-15', 204, 361),
(347, 4000, 'IVA', 400, '2023-02-15', 106, 78),
(348, 200, 'Impuesto a las ganancias', 500, '2023-02-15', 158, 22),
(349, 900, 'Monotributo', 250, '2023-02-15', 122, 465),
(350, 7000, 'Impuesto de Sellado', 300, '2023-02-15', 245, 243),
(351, 7000, 'Impuesto de Sellado', 245, '2023-02-15', 118, 334),
(352, 300, 'Impuesto a las ganancias', 245, '2023-02-15', 343, 352),
(353, 2400, 'IVA', 245, '2023-02-15', 388, 48),
(354, 200, 'Impuesto a las ganancias', 150, '2023-02-15', 60, 409),
(355, 18000, 'Impuesto a las ganancias', 250, '2023-02-15', 420, 22),
(356, 1500, 'IVA', 150, '2023-02-15', 153, 47),
(357, 1500, 'Impuesto de Sellado', 150, '2023-02-15', 206, 3),
(358, 1500, 'Impuesto de Sellado', 150, '2023-02-15', 153, 460),
(359, 2400, 'Impuesto a las ganancias', 150, '2023-02-15', 247, 218),
(360, 200, 'Monotributo', 250, '2023-02-15', 21, 444),
(361, 18000, 'Impuesto a las ganancias', 250, '2023-02-15', 110, 330),
(362, 200, 'IVA', 175, '2023-02-15', 495, 126),
(363, 4000, 'Impuesto de Sellado', 300, '2023-02-15', 332, 336),
(364, 4000, 'IVA', 400, '2023-02-15', 66, 130),
(365, 2400, 'Impuesto a las ganancias', 150, '2023-02-15', 13, 389),
(366, 500, 'Monotributo', 300, '2023-02-15', 363, 286),
(367, 900, 'Monotributo', 150, '2023-02-15', 306, 52),
(368, 7000, 'Impuesto de Sellado', 150, '2023-02-15', 299, 57),
(369, 500, 'Impuesto de Sellado', 300, '2023-02-15', 320, 212),
(370, 300, 'Impuesto a las ganancias', 250, '2023-02-15', 206, 134),
(371, 7000, 'Impuesto de Sellado', 400, '2023-02-15', 414, 353),
(372, 7000, 'Impuesto a las ganancias', 500, '2023-02-15', 308, 424),
(373, 500, 'Monotributo', 175, '2023-02-15', 352, 295),
(374, 7000, 'Impuesto a las ganancias', 245, '2023-02-15', 454, 225),
(376, 18000, 'Impuesto de Sellado', 250, '2023-02-15', 245, 247),
(377, 900, 'Impuesto a las ganancias', 300, '2023-02-15', 360, 302),
(378, 300, 'Monotributo', 500, '2023-02-15', 242, 153),
(379, 7000, 'Monotributo', 300, '2023-02-15', 256, 247),
(380, 1500, 'Impuesto de Sellado', 300, '2023-02-15', 383, 26),
(381, 500, 'Impuesto de Sellado', 300, '2023-02-15', 336, 487),
(382, 4000, 'Monotributo', 400, '2023-02-15', 101, 78),
(383, 4000, 'IVA', 175, '2023-02-15', 286, 75),
(384, 300, 'Monotributo', 300, '2023-02-15', 237, 269),
(385, 2400, 'Impuesto de Sellado', 150, '2023-02-15', 138, 53),
(386, 900, 'IVA', 250, '2023-02-15', 362, 430),
(387, 4000, 'Impuesto a las ganancias', 175, '2023-02-15', 389, 497),
(388, 200, 'Monotributo', 245, '2023-02-15', 207, 11),
(389, 900, 'Impuesto de Sellado', 245, '2023-02-15', 311, 190),
(390, 4000, 'Monotributo', 245, '2023-02-15', 213, 182),
(391, 7000, 'Impuesto de Sellado', 150, '2023-02-15', 276, 201),
(392, 2400, 'Impuesto a las ganancias', 150, '2023-02-15', 155, 480),
(393, 200, 'Monotributo', 500, '2023-02-15', 97, 338),
(394, 200, 'IVA', 500, '2023-02-15', 374, 102),
(395, 900, 'Monotributo', 400, '2023-02-15', 239, 282),
(396, 2400, 'Monotributo', 500, '2023-02-15', 473, 300),
(397, 18000, 'Monotributo', 250, '2023-02-15', 348, 161),
(398, 500, 'IVA', 400, '2023-02-15', 265, 368),
(399, 500, 'Impuesto de Sellado', 300, '2023-02-15', 162, 240),
(400, 300, 'Impuesto de Sellado', 500, '2023-02-15', 411, 169),
(401, 1500, 'Monotributo', 300, '2023-02-15', 372, 72),
(402, 2400, 'Impuesto de Sellado', 500, '2023-02-15', 302, 276),
(403, 1500, 'Impuesto de Sellado', 400, '2023-02-15', 94, 439),
(404, 4000, 'Impuesto de Sellado', 250, '2023-02-15', 372, 343),
(405, 1500, 'Monotributo', 245, '2023-02-15', 248, 320),
(406, 500, 'Impuesto a las ganancias', 400, '2023-02-15', 100, 87),
(407, 200, 'IVA', 300, '2023-02-15', 395, 121),
(408, 500, 'Impuesto de Sellado', 245, '2023-02-15', 97, 255),
(409, 1500, 'IVA', 175, '2023-02-15', 212, 197),
(410, 18000, 'IVA', 500, '2023-02-15', 369, 306),
(411, 7000, 'Monotributo', 245, '2023-02-15', 411, 227),
(412, 18000, 'Impuesto de Sellado', 300, '2023-02-15', 347, 360),
(413, 1500, 'Impuesto a las ganancias', 300, '2023-02-15', 57, 456),
(414, 300, 'IVA', 400, '2023-02-15', 421, 416),
(415, 500, 'Impuesto de Sellado', 175, '2023-02-15', 483, 258),
(416, 300, 'Monotributo', 500, '2023-02-15', 494, 183),
(417, 18000, 'Monotributo', 300, '2023-02-15', 408, 244),
(418, 2400, 'Impuesto a las ganancias', 150, '2023-02-15', 221, 342),
(419, 300, 'IVA', 300, '2023-02-15', 473, 467),
(420, 200, 'IVA', 500, '2023-02-15', 111, 327),
(421, 900, 'Impuesto de Sellado', 300, '2023-02-15', 211, 368),
(422, 300, 'Impuesto a las ganancias', 500, '2023-02-15', 398, 156),
(423, 200, 'Monotributo', 400, '2023-02-15', 134, 164),
(424, 18000, 'Impuesto de Sellado', 175, '2023-02-15', 271, 377),
(425, 200, 'Impuesto de Sellado', 300, '2023-02-15', 23, 156),
(426, 2400, 'IVA', 245, '2023-02-15', 307, 345),
(427, 500, 'Monotributo', 500, '2023-02-15', 363, 441),
(428, 4000, 'Monotributo', 500, '2023-02-15', 317, 142),
(429, 200, 'Impuesto a las ganancias', 500, '2023-02-15', 201, 133),
(430, 4000, 'Impuesto de Sellado', 400, '2023-02-15', 139, 248),
(431, 2400, 'Impuesto a las ganancias', 150, '2023-02-15', 301, 209),
(432, 300, 'Impuesto de Sellado', 300, '2023-02-15', 281, 269),
(433, 900, 'Impuesto a las ganancias', 300, '2023-02-15', 173, 404),
(434, 900, 'Monotributo', 150, '2023-02-15', 257, 332),
(435, 2400, 'IVA', 175, '2023-02-15', 492, 15),
(436, 7000, 'Monotributo', 400, '2023-02-15', 240, 79),
(437, 7000, 'Impuesto a las ganancias', 300, '2023-02-15', 140, 255),
(438, 4000, 'Impuesto de Sellado', 500, '2023-02-15', 282, 64),
(439, 900, 'Monotributo', 150, '2023-02-15', 88, 161),
(440, 300, 'Impuesto de Sellado', 400, '2023-02-15', 114, 374),
(441, 2400, 'Impuesto de Sellado', 300, '2023-02-15', 142, 197),
(442, 2400, 'Impuesto a las ganancias', 400, '2023-02-15', 243, 17),
(443, 4000, 'IVA', 300, '2023-02-15', 263, 338),
(444, 1500, 'Impuesto de Sellado', 250, '2023-02-15', 134, 186),
(445, 4000, 'IVA', 500, '2023-02-15', 450, 179),
(446, 4000, 'IVA', 300, '2023-02-15', 104, 337),
(447, 1500, 'Impuesto de Sellado', 175, '2023-02-15', 400, 390),
(448, 300, 'Monotributo', 175, '2023-02-15', 175, 321),
(449, 18000, 'IVA', 400, '2023-02-15', 400, 365),
(450, 500, 'Monotributo', 400, '2023-02-15', 16, 33),
(451, 7000, 'Monotributo', 300, '2023-02-15', 152, 464),
(452, 500, 'Impuesto de Sellado', 245, '2023-02-15', 409, 441),
(453, 200, 'Impuesto de Sellado', 175, '2023-02-15', 81, 27),
(454, 900, 'Impuesto a las ganancias', 400, '2023-02-15', 294, 185),
(455, 2400, 'Monotributo', 500, '2023-02-15', 353, 84),
(456, 200, 'IVA', 300, '2023-02-15', 353, 467),
(457, 18000, 'IVA', 150, '2023-02-15', 347, 338),
(458, 2400, 'IVA', 400, '2023-02-15', 498, 194),
(459, 18000, 'Impuesto a las ganancias', 500, '2023-02-15', 185, 436),
(460, 500, 'Impuesto de Sellado', 175, '2023-02-15', 274, 382),
(461, 500, 'Impuesto de Sellado', 400, '2023-02-15', 42, 296),
(462, 900, 'Impuesto de Sellado', 500, '2023-02-15', 399, 484),
(463, 500, 'Impuesto de Sellado', 175, '2023-02-15', 27, 447),
(464, 18000, 'Impuesto a las ganancias', 250, '2023-02-15', 434, 12),
(465, 1500, 'Impuesto de Sellado', 175, '2023-02-15', 326, 300),
(466, 200, 'IVA', 500, '2023-02-15', 177, 133),
(467, 500, 'Impuesto de Sellado', 245, '2023-02-15', 141, 7),
(468, 18000, 'Impuesto de Sellado', 250, '2023-02-15', 44, 428),
(469, 200, 'IVA', 245, '2023-02-15', 308, 483),
(470, 300, 'IVA', 300, '2023-02-15', 314, 348),
(471, 1500, 'Monotributo', 245, '2023-02-15', 204, 440),
(472, 18000, 'Impuesto de Sellado', 500, '2023-02-15', 141, 304),
(473, 500, 'Monotributo', 175, '2023-02-15', 379, 382),
(474, 900, 'Monotributo', 300, '2023-02-15', 202, 36),
(475, 900, 'Monotributo', 250, '2023-02-15', 131, 109),
(476, 500, 'Monotributo', 300, '2023-02-15', 306, 288),
(477, 200, 'Impuesto a las ganancias', 500, '2023-02-15', 482, 247),
(478, 1500, 'IVA', 250, '2023-02-15', 6, 435),
(479, 2400, 'Impuesto a las ganancias', 245, '2023-02-15', 418, 258),
(480, 18000, 'Monotributo', 175, '2023-02-15', 176, 449),
(481, 200, 'Impuesto a las ganancias', 500, '2023-02-15', 426, 344),
(482, 2400, 'Impuesto a las ganancias', 300, '2023-02-15', 302, 434),
(483, 4000, 'Impuesto de Sellado', 500, '2023-02-15', 152, 178),
(484, 7000, 'Impuesto a las ganancias', 245, '2023-02-15', 407, 346),
(485, 500, 'IVA', 300, '2023-02-15', 334, 345),
(486, 18000, 'Impuesto de Sellado', 250, '2023-02-15', 287, 425),
(487, 4000, 'IVA', 150, '2023-02-15', 386, 50),
(488, 7000, 'Impuesto de Sellado', 250, '2023-02-15', 41, 131),
(489, 2400, 'Impuesto de Sellado', 500, '2023-02-15', 38, 68),
(490, 4000, 'Monotributo', 175, '2023-02-15', 279, 452),
(491, 18000, 'Monotributo', 250, '2023-02-15', 103, 401),
(492, 4000, 'Impuesto a las ganancias', 150, '2023-02-15', 371, 397),
(493, 2400, 'Impuesto de Sellado', 150, '2023-02-15', 339, 17),
(494, 7000, 'Impuesto de Sellado', 400, '2023-02-15', 185, 458),
(495, 2400, 'Monotributo', 500, '2023-02-15', 351, 66),
(496, 200, 'Impuesto a las ganancias', 500, '2023-02-15', 30, 205),
(497, 300, 'Monotributo', 175, '2023-02-15', 327, 68),
(498, 2400, 'Impuesto a las ganancias', 300, '2023-02-15', 452, 418),
(499, 2400, 'Monotributo', 500, '2023-02-15', 162, 145),
(500, 2400, 'IVA', 300, '2023-02-15', 228, 271);

--
-- Índices para tablas volcadas
--

--
-- Indices de la tabla `compradores`
--
ALTER TABLE `compradores`
  ADD PRIMARY KEY (`ID_Comprador`);

--
-- Indices de la tabla `eventos_comprador`
--
ALTER TABLE `eventos_comprador`
  ADD PRIMARY KEY (`ID_Evento`),
  ADD KEY `ID_Comprador` (`ID_Comprador`);

--
-- Indices de la tabla `productos`
--
ALTER TABLE `productos`
  ADD PRIMARY KEY (`ID_Producto`);

--
-- Indices de la tabla `transacciones`
--
ALTER TABLE `transacciones`
  ADD PRIMARY KEY (`ID_Transaccion`),
  ADD KEY `ID_Comprador` (`ID_Comprador`),
  ADD KEY `ID_Producto` (`ID_Producto`);

--
-- AUTO_INCREMENT de las tablas volcadas
--

--
-- AUTO_INCREMENT de la tabla `compradores`
--
ALTER TABLE `compradores`
  MODIFY `ID_Comprador` int(11) NOT NULL AUTO_INCREMENT, AUTO_INCREMENT=503;

--
-- AUTO_INCREMENT de la tabla `eventos_comprador`
--
ALTER TABLE `eventos_comprador`
  MODIFY `ID_Evento` int(11) NOT NULL AUTO_INCREMENT;

--
-- AUTO_INCREMENT de la tabla `productos`
--
ALTER TABLE `productos`
  MODIFY `ID_Producto` int(11) NOT NULL AUTO_INCREMENT, AUTO_INCREMENT=502;

--
-- AUTO_INCREMENT de la tabla `transacciones`
--
ALTER TABLE `transacciones`
  MODIFY `ID_Transaccion` int(11) NOT NULL AUTO_INCREMENT, AUTO_INCREMENT=501;

--
-- Restricciones para tablas volcadas
--

--
-- Filtros para la tabla `eventos_comprador`
--
ALTER TABLE `eventos_comprador`
  ADD CONSTRAINT `eventos_comprador_ibfk_1` FOREIGN KEY (`ID_Comprador`) REFERENCES `compradores` (`ID_Comprador`);

--
-- Filtros para la tabla `transacciones`
--
ALTER TABLE `transacciones`
  ADD CONSTRAINT `transacciones_ibfk_1` FOREIGN KEY (`ID_Comprador`) REFERENCES `compradores` (`ID_Comprador`),
  ADD CONSTRAINT `transacciones_ibfk_2` FOREIGN KEY (`ID_Producto`) REFERENCES `productos` (`ID_Producto`);
COMMIT;

/*!40101 SET CHARACTER_SET_CLIENT=@OLD_CHARACTER_SET_CLIENT */;
/*!40101 SET CHARACTER_SET_RESULTS=@OLD_CHARACTER_SET_RESULTS */;
/*!40101 SET COLLATION_CONNECTION=@OLD_COLLATION_CONNECTION */;
