-- phpMyAdmin SQL Dump
-- version 5.1.0
-- https://www.phpmyadmin.net/
--
-- Servidor: 127.0.0.1
-- Tiempo de generación: 17-02-2023 a las 12:55:13
-- Versión del servidor: 10.4.19-MariaDB
-- Versión de PHP: 8.0.6

SET SQL_MODE = "NO_AUTO_VALUE_ON_ZERO";
START TRANSACTION;
SET time_zone = "+00:00";


/*!40101 SET @OLD_CHARACTER_SET_CLIENT=@@CHARACTER_SET_CLIENT */;
/*!40101 SET @OLD_CHARACTER_SET_RESULTS=@@CHARACTER_SET_RESULTS */;
/*!40101 SET @OLD_COLLATION_CONNECTION=@@COLLATION_CONNECTION */;
/*!40101 SET NAMES utf8mb4 */;

--
-- Base de datos: `tecnico_afrus_2`
--

-- --------------------------------------------------------

--
-- Estructura de tabla para la tabla `compradores`
--

CREATE TABLE `compradores` (
  `ID_Comprador` int(11) NOT NULL,
  `Nombre` varchar(25) DEFAULT NULL,
  `Apellidos` varchar(40) DEFAULT NULL,
  `Tipo_Comprador` enum('Monotributista','Responsable Inscripto','Consumidor Final','Sujeto Exento','Entidad Publica') DEFAULT 'Consumidor Final',
  `Fecha_Creacion` date DEFAULT current_timestamp()
) ENGINE=InnoDB DEFAULT CHARSET=utf8mb4;

--
-- Volcado de datos para la tabla `compradores`
--

INSERT INTO `compradores` (`ID_Comprador`, `Nombre`, `Apellidos`, `Tipo_Comprador`, `Fecha_Creacion`) VALUES
(1, 'Diego', 'Perez', 'Consumidor Final', '2023-02-16'),
(2, 'Ciro', 'Benitez', 'Responsable Inscripto', '2023-02-16'),
(3, 'Ciro', 'Messi', 'Entidad Publica', '2023-02-16'),
(4, 'Benjamin', 'Fangio', 'Sujeto Exento', '2023-02-16'),
(5, 'Andres', 'Rodriguez', 'Entidad Publica', '2023-02-16'),
(6, 'Mateo', 'Benitez', 'Entidad Publica', '2023-02-16'),
(7, 'Mateo', 'Lombardo', 'Entidad Publica', '2023-02-16'),
(8, 'Mateo', 'Messi', 'Monotributista', '2023-02-16'),
(9, 'Lionel', 'Perez', 'Entidad Publica', '2023-02-16'),
(10, 'Lionel', 'Fangio', 'Entidad Publica', '2023-02-16'),
(11, 'Andres', 'Lombardo', 'Entidad Publica', '2023-02-16'),
(12, 'Diego', 'Benitez', 'Monotributista', '2023-02-16'),
(13, 'Benjamin', 'Perez', 'Responsable Inscripto', '2023-02-16'),
(14, 'Felipe', 'Fangio', 'Entidad Publica', '2023-02-16'),
(15, 'Lionel', 'Benitez', 'Responsable Inscripto', '2023-02-16'),
(16, 'Mateo', 'Messi', 'Consumidor Final', '2023-02-16'),
(17, 'Mateo', 'Perez', 'Monotributista', '2023-02-16'),
(18, 'Felipe', 'Fernandez', 'Responsable Inscripto', '2023-02-16'),
(19, 'Andres', 'Fangio', 'Entidad Publica', '2023-02-16'),
(20, 'Andres', 'Rodriguez', 'Monotributista', '2023-02-16'),
(21, 'Lionel', 'Perez', 'Monotributista', '2023-02-16'),
(22, 'Nicolas', 'Fangio', 'Monotributista', '2023-02-16'),
(23, 'Felipe', 'Rodriguez', 'Sujeto Exento', '2023-02-16'),
(24, 'Felipe', 'Rodriguez', 'Monotributista', '2023-02-16'),
(25, 'Nicolas', 'Lombardo', 'Responsable Inscripto', '2023-02-16'),
(26, 'Nicolas', 'Benitez', 'Consumidor Final', '2023-02-16'),
(27, 'Ciro', 'Rodriguez', 'Sujeto Exento', '2023-02-16'),
(28, 'Lionel', 'Perez', 'Entidad Publica', '2023-02-16'),
(29, 'Nicolas', 'Benitez', 'Monotributista', '2023-02-16'),
(30, 'Andres', 'Rodriguez', 'Consumidor Final', '2023-02-16'),
(31, 'Andres', 'Rodriguez', 'Entidad Publica', '2023-02-16'),
(32, 'Diego', 'Rodriguez', 'Consumidor Final', '2023-02-16'),
(33, 'Lionel', 'Fangio', 'Responsable Inscripto', '2023-02-16'),
(34, 'Benjamin', 'Fernandez', 'Sujeto Exento', '2023-02-16'),
(35, 'Lionel', 'Fernandez', 'Sujeto Exento', '2023-02-16'),
(36, 'Benjamin', 'Fernandez', 'Sujeto Exento', '2023-02-16'),
(37, 'Ciro', 'Lombardo', 'Entidad Publica', '2023-02-16'),
(38, 'Benjamin', 'Fangio', 'Entidad Publica', '2023-02-16'),
(39, 'Ciro', 'Rodriguez', 'Consumidor Final', '2023-02-16'),
(40, 'Andres', 'Perez', 'Consumidor Final', '2023-02-16'),
(41, 'Andres', 'Fernandez', 'Responsable Inscripto', '2023-02-16'),
(42, 'Felipe', 'Rodriguez', 'Monotributista', '2023-02-16'),
(43, 'Nicolas', 'Rodriguez', 'Sujeto Exento', '2023-02-16'),
(44, 'Ciro', 'Fangio', 'Sujeto Exento', '2023-02-16'),
(45, 'Lionel', 'Fangio', 'Consumidor Final', '2023-02-16'),
(46, 'Benjamin', 'Messi', 'Sujeto Exento', '2023-02-16'),
(47, 'Benjamin', 'Messi', 'Entidad Publica', '2023-02-16'),
(48, 'Diego', 'Benitez', 'Sujeto Exento', '2023-02-16'),
(49, 'Mateo', 'Fangio', 'Entidad Publica', '2023-02-16'),
(50, 'Ciro', 'Fangio', 'Consumidor Final', '2023-02-16'),
(51, 'Ciro', 'Fangio', 'Responsable Inscripto', '2023-02-16'),
(52, 'Nicolas', 'Lombardo', 'Consumidor Final', '2023-02-16'),
(53, 'Lautaro', 'Benitez', 'Responsable Inscripto', '2023-02-16'),
(54, 'Nicolas', 'Rodriguez', 'Monotributista', '2023-02-16'),
(55, 'Ciro', 'Messi', 'Consumidor Final', '2023-02-16'),
(56, 'Ciro', 'Perez', 'Monotributista', '2023-02-16'),
(57, 'Mateo', 'Perez', 'Entidad Publica', '2023-02-16'),
(58, 'Andres', 'Fernandez', 'Entidad Publica', '2023-02-16'),
(59, 'Benjamin', 'Fangio', 'Responsable Inscripto', '2023-02-16'),
(60, 'Lautaro', 'Fangio', 'Sujeto Exento', '2023-02-16'),
(61, 'Lautaro', 'Rodriguez', 'Entidad Publica', '2023-02-16'),
(62, 'Andres', 'Fernandez', 'Consumidor Final', '2023-02-16'),
(63, 'Mateo', 'Fangio', 'Sujeto Exento', '2023-02-16'),
(64, 'Andres', 'Perez', 'Monotributista', '2023-02-16'),
(65, 'Diego', 'Rodriguez', 'Entidad Publica', '2023-02-16'),
(66, 'Lautaro', 'Benitez', 'Consumidor Final', '2023-02-16'),
(67, 'Mateo', 'Messi', 'Sujeto Exento', '2023-02-16'),
(68, 'Nicolas', 'Messi', 'Responsable Inscripto', '2023-02-16'),
(69, 'Nicolas', 'Messi', 'Entidad Publica', '2023-02-16'),
(70, 'Lionel', 'Perez', 'Consumidor Final', '2023-02-16'),
(71, 'Mateo', 'Fangio', 'Consumidor Final', '2023-02-16'),
(72, 'Nicolas', 'Fangio', 'Sujeto Exento', '2023-02-16'),
(73, 'Nicolas', 'Benitez', 'Entidad Publica', '2023-02-16'),
(74, 'Mateo', 'Rodriguez', 'Consumidor Final', '2023-02-16'),
(75, 'Lautaro', 'Lombardo', 'Monotributista', '2023-02-16'),
(76, 'Andres', 'Rodriguez', 'Consumidor Final', '2023-02-16'),
(77, 'Diego', 'Fernandez', 'Monotributista', '2023-02-16'),
(78, 'Diego', 'Messi', 'Sujeto Exento', '2023-02-16'),
(79, 'Lautaro', 'Lombardo', 'Monotributista', '2023-02-16'),
(80, 'Lionel', 'Lombardo', 'Consumidor Final', '2023-02-16'),
(81, 'Diego', 'Fangio', 'Responsable Inscripto', '2023-02-16'),
(82, 'Felipe', 'Perez', 'Monotributista', '2023-02-16'),
(83, 'Diego', 'Perez', 'Sujeto Exento', '2023-02-16'),
(84, 'Lionel', 'Lombardo', 'Sujeto Exento', '2023-02-16'),
(85, 'Lionel', 'Messi', 'Entidad Publica', '2023-02-16'),
(86, 'Lionel', 'Benitez', 'Responsable Inscripto', '2023-02-16'),
(87, 'Ciro', 'Perez', 'Responsable Inscripto', '2023-02-16'),
(88, 'Lautaro', 'Rodriguez', 'Consumidor Final', '2023-02-16'),
(89, 'Lionel', 'Fangio', 'Consumidor Final', '2023-02-16'),
(90, 'Mateo', 'Lombardo', 'Entidad Publica', '2023-02-16'),
(91, 'Diego', 'Fangio', 'Sujeto Exento', '2023-02-16'),
(92, 'Benjamin', 'Rodriguez', 'Monotributista', '2023-02-16'),
(93, 'Lautaro', 'Perez', 'Responsable Inscripto', '2023-02-16'),
(94, 'Benjamin', 'Fernandez', 'Sujeto Exento', '2023-02-16'),
(95, 'Benjamin', 'Rodriguez', 'Responsable Inscripto', '2023-02-16'),
(96, 'Mateo', 'Benitez', 'Monotributista', '2023-02-16'),
(97, 'Diego', 'Rodriguez', 'Sujeto Exento', '2023-02-16'),
(98, 'Diego', 'Rodriguez', 'Sujeto Exento', '2023-02-16'),
(99, 'Lautaro', 'Perez', 'Consumidor Final', '2023-02-16'),
(100, 'Nicolas', 'Perez', 'Consumidor Final', '2023-02-16'),
(101, 'Lionel', 'Messi', 'Sujeto Exento', '2023-02-16'),
(102, 'Lautaro', 'Perez', 'Entidad Publica', '2023-02-16'),
(103, 'Nicolas', 'Messi', 'Consumidor Final', '2023-02-16'),
(104, 'Ciro', 'Lombardo', 'Responsable Inscripto', '2023-02-16'),
(105, 'Nicolas', 'Benitez', 'Responsable Inscripto', '2023-02-16'),
(106, 'Lautaro', 'Rodriguez', 'Monotributista', '2023-02-16'),
(107, 'Lionel', 'Perez', 'Entidad Publica', '2023-02-16'),
(108, 'Felipe', 'Lombardo', 'Entidad Publica', '2023-02-16'),
(109, 'Diego', 'Rodriguez', 'Responsable Inscripto', '2023-02-16'),
(110, 'Mateo', 'Fangio', 'Sujeto Exento', '2023-02-16'),
(111, 'Mateo', 'Lombardo', 'Consumidor Final', '2023-02-16'),
(112, 'Felipe', 'Perez', 'Entidad Publica', '2023-02-16'),
(113, 'Felipe', 'Fangio', 'Sujeto Exento', '2023-02-16'),
(114, 'Mateo', 'Fangio', 'Sujeto Exento', '2023-02-16'),
(115, 'Mateo', 'Perez', 'Monotributista', '2023-02-16'),
(116, 'Benjamin', 'Perez', 'Consumidor Final', '2023-02-16'),
(117, 'Diego', 'Perez', 'Monotributista', '2023-02-16'),
(118, 'Lautaro', 'Rodriguez', 'Consumidor Final', '2023-02-16'),
(119, 'Lionel', 'Messi', 'Monotributista', '2023-02-16'),
(120, 'Benjamin', 'Fernandez', 'Sujeto Exento', '2023-02-16'),
(121, 'Felipe', 'Benitez', 'Monotributista', '2023-02-16'),
(122, 'Felipe', 'Lombardo', 'Consumidor Final', '2023-02-16'),
(123, 'Lionel', 'Fangio', 'Entidad Publica', '2023-02-16'),
(124, 'Diego', 'Fernandez', 'Sujeto Exento', '2023-02-16'),
(125, 'Lionel', 'Fernandez', 'Responsable Inscripto', '2023-02-16'),
(126, 'Felipe', 'Perez', 'Monotributista', '2023-02-16'),
(127, 'Diego', 'Lombardo', 'Sujeto Exento', '2023-02-16'),
(128, 'Nicolas', 'Benitez', 'Monotributista', '2023-02-16'),
(129, 'Diego', 'Fernandez', 'Sujeto Exento', '2023-02-16'),
(130, 'Nicolas', 'Lombardo', 'Entidad Publica', '2023-02-16'),
(131, 'Benjamin', 'Fernandez', 'Responsable Inscripto', '2023-02-16'),
(132, 'Felipe', 'Fernandez', 'Consumidor Final', '2023-02-16'),
(133, 'Diego', 'Lombardo', 'Consumidor Final', '2023-02-16'),
(134, 'Felipe', 'Perez', 'Sujeto Exento', '2023-02-16'),
(135, 'Lionel', 'Perez', 'Entidad Publica', '2023-02-16'),
(136, 'Diego', 'Rodriguez', 'Sujeto Exento', '2023-02-16'),
(137, 'Andres', 'Rodriguez', 'Entidad Publica', '2023-02-16'),
(138, 'Lionel', 'Messi', 'Responsable Inscripto', '2023-02-16'),
(139, 'Lautaro', 'Rodriguez', 'Sujeto Exento', '2023-02-16'),
(140, 'Benjamin', 'Perez', 'Monotributista', '2023-02-16'),
(141, 'Benjamin', 'Lombardo', 'Monotributista', '2023-02-16'),
(142, 'Mateo', 'Rodriguez', 'Monotributista', '2023-02-16'),
(143, 'Ciro', 'Perez', 'Sujeto Exento', '2023-02-16'),
(144, 'Lionel', 'Lombardo', 'Monotributista', '2023-02-16'),
(145, 'Diego', 'Rodriguez', 'Sujeto Exento', '2023-02-16'),
(146, 'Nicolas', 'Messi', 'Sujeto Exento', '2023-02-16'),
(147, 'Nicolas', 'Lombardo', 'Responsable Inscripto', '2023-02-16'),
(148, 'Lautaro', 'Fangio', 'Sujeto Exento', '2023-02-16'),
(149, 'Diego', 'Fernandez', 'Responsable Inscripto', '2023-02-16'),
(150, 'Benjamin', 'Fangio', 'Entidad Publica', '2023-02-16'),
(151, 'Lionel', 'Benitez', 'Responsable Inscripto', '2023-02-16'),
(152, 'Lionel', 'Benitez', 'Monotributista', '2023-02-16'),
(153, 'Felipe', 'Fangio', 'Consumidor Final', '2023-02-16'),
(154, 'Lautaro', 'Perez', 'Consumidor Final', '2023-02-16'),
(155, 'Lautaro', 'Fernandez', 'Sujeto Exento', '2023-02-16'),
(156, 'Andres', 'Rodriguez', 'Entidad Publica', '2023-02-16'),
(157, 'Lionel', 'Messi', 'Monotributista', '2023-02-16'),
(158, 'Lautaro', 'Fangio', 'Sujeto Exento', '2023-02-16'),
(159, 'Nicolas', 'Lombardo', 'Responsable Inscripto', '2023-02-16'),
(160, 'Andres', 'Messi', 'Consumidor Final', '2023-02-16'),
(161, 'Mateo', 'Benitez', 'Monotributista', '2023-02-16'),
(162, 'Nicolas', 'Fangio', 'Entidad Publica', '2023-02-16'),
(163, 'Mateo', 'Fangio', 'Consumidor Final', '2023-02-16'),
(164, 'Lionel', 'Benitez', 'Consumidor Final', '2023-02-16'),
(165, 'Lionel', 'Fernandez', 'Consumidor Final', '2023-02-16'),
(166, 'Lautaro', 'Messi', 'Consumidor Final', '2023-02-16'),
(167, 'Ciro', 'Fangio', 'Responsable Inscripto', '2023-02-16'),
(168, 'Ciro', 'Lombardo', 'Consumidor Final', '2023-02-16'),
(169, 'Diego', 'Perez', 'Sujeto Exento', '2023-02-16'),
(170, 'Nicolas', 'Messi', 'Monotributista', '2023-02-16'),
(171, 'Andres', 'Perez', 'Sujeto Exento', '2023-02-16'),
(172, 'Mateo', 'Fangio', 'Responsable Inscripto', '2023-02-16'),
(173, 'Mateo', 'Lombardo', 'Responsable Inscripto', '2023-02-16'),
(174, 'Benjamin', 'Messi', 'Monotributista', '2023-02-16'),
(175, 'Benjamin', 'Lombardo', 'Responsable Inscripto', '2023-02-16'),
(176, 'Diego', 'Benitez', 'Monotributista', '2023-02-16'),
(177, 'Mateo', 'Fangio', 'Sujeto Exento', '2023-02-16'),
(178, 'Ciro', 'Perez', 'Responsable Inscripto', '2023-02-16'),
(179, 'Lionel', 'Messi', 'Entidad Publica', '2023-02-16'),
(180, 'Ciro', 'Fernandez', 'Monotributista', '2023-02-16'),
(181, 'Diego', 'Fangio', 'Monotributista', '2023-02-16'),
(182, 'Diego', 'Rodriguez', 'Monotributista', '2023-02-16'),
(183, 'Andres', 'Lombardo', 'Consumidor Final', '2023-02-16'),
(184, 'Lionel', 'Messi', 'Monotributista', '2023-02-16'),
(185, 'Mateo', 'Benitez', 'Entidad Publica', '2023-02-16'),
(186, 'Nicolas', 'Fernandez', 'Entidad Publica', '2023-02-16'),
(187, 'Andres', 'Perez', 'Entidad Publica', '2023-02-16'),
(188, 'Benjamin', 'Messi', 'Entidad Publica', '2023-02-16'),
(189, 'Lautaro', 'Fernandez', 'Consumidor Final', '2023-02-16'),
(190, 'Andres', 'Lombardo', 'Sujeto Exento', '2023-02-16'),
(191, 'Felipe', 'Fangio', 'Sujeto Exento', '2023-02-16'),
(192, 'Ciro', 'Messi', 'Consumidor Final', '2023-02-16'),
(193, 'Lautaro', 'Benitez', 'Responsable Inscripto', '2023-02-16'),
(194, 'Benjamin', 'Fernandez', 'Responsable Inscripto', '2023-02-16'),
(195, 'Andres', 'Messi', 'Monotributista', '2023-02-16'),
(196, 'Andres', 'Benitez', 'Sujeto Exento', '2023-02-16'),
(197, 'Nicolas', 'Benitez', 'Monotributista', '2023-02-16'),
(198, 'Felipe', 'Fernandez', 'Entidad Publica', '2023-02-16'),
(199, 'Felipe', 'Benitez', 'Responsable Inscripto', '2023-02-16'),
(200, 'Mateo', 'Benitez', 'Responsable Inscripto', '2023-02-16'),
(201, 'Diego', 'Rodriguez', 'Entidad Publica', '2023-02-16'),
(202, 'Mateo', 'Rodriguez', 'Monotributista', '2023-02-16'),
(203, 'Mateo', 'Benitez', 'Responsable Inscripto', '2023-02-16'),
(204, 'Lionel', 'Rodriguez', 'Sujeto Exento', '2023-02-16'),
(205, 'Nicolas', 'Lombardo', 'Entidad Publica', '2023-02-16'),
(206, 'Diego', 'Lombardo', 'Entidad Publica', '2023-02-16'),
(207, 'Diego', 'Messi', 'Responsable Inscripto', '2023-02-16'),
(208, 'Ciro', 'Benitez', 'Responsable Inscripto', '2023-02-16'),
(209, 'Lautaro', 'Perez', 'Monotributista', '2023-02-16'),
(210, 'Lautaro', 'Perez', 'Entidad Publica', '2023-02-16'),
(211, 'Andres', 'Messi', 'Consumidor Final', '2023-02-16'),
(212, 'Benjamin', 'Lombardo', 'Sujeto Exento', '2023-02-16'),
(213, 'Lionel', 'Fernandez', 'Entidad Publica', '2023-02-16'),
(214, 'Diego', 'Messi', 'Sujeto Exento', '2023-02-16'),
(215, 'Benjamin', 'Rodriguez', 'Responsable Inscripto', '2023-02-16'),
(216, 'Benjamin', 'Perez', 'Sujeto Exento', '2023-02-16'),
(217, 'Lautaro', 'Fangio', 'Sujeto Exento', '2023-02-16'),
(218, 'Diego', 'Lombardo', 'Entidad Publica', '2023-02-16'),
(219, 'Lionel', 'Fernandez', 'Sujeto Exento', '2023-02-16'),
(220, 'Benjamin', 'Benitez', 'Monotributista', '2023-02-16'),
(221, 'Nicolas', 'Lombardo', 'Monotributista', '2023-02-16'),
(222, 'Andres', 'Messi', 'Consumidor Final', '2023-02-16'),
(223, 'Felipe', 'Fangio', 'Consumidor Final', '2023-02-16'),
(224, 'Lautaro', 'Perez', 'Responsable Inscripto', '2023-02-16'),
(225, 'Felipe', 'Perez', 'Monotributista', '2023-02-16'),
(226, 'Lautaro', 'Fernandez', 'Sujeto Exento', '2023-02-16'),
(227, 'Lautaro', 'Messi', 'Entidad Publica', '2023-02-16'),
(228, 'Lautaro', 'Lombardo', 'Monotributista', '2023-02-16'),
(229, 'Lionel', 'Rodriguez', 'Responsable Inscripto', '2023-02-16'),
(230, 'Diego', 'Benitez', 'Entidad Publica', '2023-02-16'),
(231, 'Benjamin', 'Messi', 'Sujeto Exento', '2023-02-16'),
(232, 'Lionel', 'Fangio', 'Monotributista', '2023-02-16'),
(233, 'Felipe', 'Rodriguez', 'Monotributista', '2023-02-16'),
(234, 'Diego', 'Benitez', 'Entidad Publica', '2023-02-16'),
(235, 'Andres', 'Lombardo', 'Sujeto Exento', '2023-02-16'),
(236, 'Ciro', 'Fernandez', 'Consumidor Final', '2023-02-16'),
(237, 'Lionel', 'Messi', 'Consumidor Final', '2023-02-16'),
(238, 'Nicolas', 'Lombardo', 'Consumidor Final', '2023-02-16'),
(239, 'Mateo', 'Messi', 'Consumidor Final', '2023-02-16'),
(240, 'Andres', 'Benitez', 'Consumidor Final', '2023-02-16'),
(241, 'Lautaro', 'Fernandez', 'Responsable Inscripto', '2023-02-16'),
(242, 'Lautaro', 'Fernandez', 'Entidad Publica', '2023-02-16'),
(243, 'Felipe', 'Fangio', 'Monotributista', '2023-02-16'),
(244, 'Lautaro', 'Perez', 'Consumidor Final', '2023-02-16'),
(245, 'Ciro', 'Fernandez', 'Monotributista', '2023-02-16'),
(246, 'Mateo', 'Fernandez', 'Entidad Publica', '2023-02-16'),
(247, 'Andres', 'Messi', 'Entidad Publica', '2023-02-16'),
(248, 'Diego', 'Lombardo', 'Sujeto Exento', '2023-02-16'),
(249, 'Felipe', 'Benitez', 'Consumidor Final', '2023-02-16'),
(250, 'Andres', 'Fernandez', 'Entidad Publica', '2023-02-16'),
(251, 'Felipe', 'Fangio', 'Sujeto Exento', '2023-02-16'),
(252, 'Felipe', 'Perez', 'Monotributista', '2023-02-16'),
(253, 'Ciro', 'Fernandez', 'Sujeto Exento', '2023-02-16'),
(254, 'Diego', 'Fangio', 'Responsable Inscripto', '2023-02-16'),
(255, 'Felipe', 'Benitez', 'Monotributista', '2023-02-16'),
(256, 'Nicolas', 'Fernandez', 'Entidad Publica', '2023-02-16'),
(257, 'Benjamin', 'Perez', 'Sujeto Exento', '2023-02-16'),
(258, 'Nicolas', 'Benitez', 'Monotributista', '2023-02-16'),
(259, 'Nicolas', 'Lombardo', 'Monotributista', '2023-02-16'),
(260, 'Ciro', 'Fangio', 'Responsable Inscripto', '2023-02-16'),
(261, 'Lautaro', 'Lombardo', 'Monotributista', '2023-02-16'),
(262, 'Benjamin', 'Lombardo', 'Entidad Publica', '2023-02-16'),
(263, 'Lautaro', 'Lombardo', 'Consumidor Final', '2023-02-16'),
(264, 'Lautaro', 'Messi', 'Responsable Inscripto', '2023-02-16'),
(265, 'Felipe', 'Messi', 'Sujeto Exento', '2023-02-16'),
(266, 'Andres', 'Fernandez', 'Sujeto Exento', '2023-02-16'),
(267, 'Lautaro', 'Benitez', 'Sujeto Exento', '2023-02-16'),
(268, 'Mateo', 'Lombardo', 'Entidad Publica', '2023-02-16'),
(269, 'Ciro', 'Benitez', 'Entidad Publica', '2023-02-16'),
(270, 'Ciro', 'Messi', 'Entidad Publica', '2023-02-16'),
(271, 'Lautaro', 'Fernandez', 'Sujeto Exento', '2023-02-16'),
(272, 'Ciro', 'Lombardo', 'Monotributista', '2023-02-16'),
(273, 'Lautaro', 'Fernandez', 'Sujeto Exento', '2023-02-16'),
(274, 'Lionel', 'Fernandez', 'Sujeto Exento', '2023-02-16'),
(275, 'Lionel', 'Fangio', 'Consumidor Final', '2023-02-16'),
(276, 'Nicolas', 'Messi', 'Sujeto Exento', '2023-02-16'),
(277, 'Benjamin', 'Benitez', 'Responsable Inscripto', '2023-02-16'),
(278, 'Lionel', 'Fangio', 'Entidad Publica', '2023-02-16'),
(279, 'Andres', 'Rodriguez', 'Sujeto Exento', '2023-02-16'),
(280, 'Lautaro', 'Fernandez', 'Entidad Publica', '2023-02-16'),
(281, 'Lautaro', 'Messi', 'Sujeto Exento', '2023-02-16'),
(282, 'Andres', 'Fangio', 'Entidad Publica', '2023-02-16'),
(283, 'Felipe', 'Fangio', 'Consumidor Final', '2023-02-16'),
(284, 'Benjamin', 'Messi', 'Entidad Publica', '2023-02-16'),
(285, 'Lionel', 'Rodriguez', 'Consumidor Final', '2023-02-16'),
(286, 'Mateo', 'Lombardo', 'Sujeto Exento', '2023-02-16'),
(287, 'Diego', 'Fernandez', 'Consumidor Final', '2023-02-16'),
(288, 'Diego', 'Fangio', 'Responsable Inscripto', '2023-02-16'),
(289, 'Nicolas', 'Perez', 'Consumidor Final', '2023-02-16'),
(290, 'Ciro', 'Fernandez', 'Sujeto Exento', '2023-02-16'),
(291, 'Benjamin', 'Messi', 'Entidad Publica', '2023-02-16'),
(292, 'Lautaro', 'Benitez', 'Responsable Inscripto', '2023-02-16'),
(293, 'Andres', 'Messi', 'Monotributista', '2023-02-16'),
(294, 'Nicolas', 'Rodriguez', 'Responsable Inscripto', '2023-02-16'),
(295, 'Andres', 'Fangio', 'Sujeto Exento', '2023-02-16'),
(296, 'Nicolas', 'Perez', 'Monotributista', '2023-02-16'),
(297, 'Felipe', 'Benitez', 'Responsable Inscripto', '2023-02-16'),
(298, 'Felipe', 'Lombardo', 'Sujeto Exento', '2023-02-16'),
(299, 'Ciro', 'Rodriguez', 'Monotributista', '2023-02-16'),
(300, 'Lionel', 'Fernandez', 'Responsable Inscripto', '2023-02-16'),
(301, 'Benjamin', 'Fernandez', 'Responsable Inscripto', '2023-02-16'),
(302, 'Lionel', 'Rodriguez', 'Sujeto Exento', '2023-02-16'),
(303, 'Ciro', 'Benitez', 'Sujeto Exento', '2023-02-16'),
(304, 'Andres', 'Rodriguez', 'Monotributista', '2023-02-16'),
(305, 'Mateo', 'Messi', 'Responsable Inscripto', '2023-02-16'),
(306, 'Lautaro', 'Perez', 'Entidad Publica', '2023-02-16'),
(307, 'Nicolas', 'Fangio', 'Monotributista', '2023-02-16'),
(308, 'Benjamin', 'Rodriguez', 'Consumidor Final', '2023-02-16'),
(309, 'Mateo', 'Fernandez', 'Consumidor Final', '2023-02-16'),
(310, 'Lionel', 'Benitez', 'Consumidor Final', '2023-02-16'),
(311, 'Lionel', 'Perez', 'Consumidor Final', '2023-02-16'),
(312, 'Felipe', 'Fangio', 'Entidad Publica', '2023-02-16'),
(313, 'Diego', 'Benitez', 'Monotributista', '2023-02-16'),
(314, 'Felipe', 'Benitez', 'Responsable Inscripto', '2023-02-16'),
(315, 'Mateo', 'Rodriguez', 'Consumidor Final', '2023-02-16'),
(316, 'Felipe', 'Lombardo', 'Monotributista', '2023-02-16'),
(317, 'Lionel', 'Fangio', 'Sujeto Exento', '2023-02-16'),
(318, 'Andres', 'Messi', 'Entidad Publica', '2023-02-16'),
(319, 'Felipe', 'Fernandez', 'Monotributista', '2023-02-16'),
(320, 'Benjamin', 'Benitez', 'Entidad Publica', '2023-02-16'),
(321, 'Felipe', 'Fernandez', 'Monotributista', '2023-02-16'),
(322, 'Lautaro', 'Fernandez', 'Entidad Publica', '2023-02-16'),
(323, 'Nicolas', 'Lombardo', 'Monotributista', '2023-02-16'),
(324, 'Andres', 'Benitez', 'Entidad Publica', '2023-02-16'),
(325, 'Andres', 'Messi', 'Entidad Publica', '2023-02-16'),
(326, 'Diego', 'Perez', 'Sujeto Exento', '2023-02-16'),
(327, 'Lautaro', 'Rodriguez', 'Responsable Inscripto', '2023-02-16'),
(328, 'Lautaro', 'Perez', 'Consumidor Final', '2023-02-16'),
(329, 'Lautaro', 'Fernandez', 'Sujeto Exento', '2023-02-16'),
(330, 'Benjamin', 'Messi', 'Sujeto Exento', '2023-02-16'),
(331, 'Ciro', 'Fernandez', 'Sujeto Exento', '2023-02-16'),
(332, 'Benjamin', 'Lombardo', 'Monotributista', '2023-02-16'),
(333, 'Ciro', 'Messi', 'Entidad Publica', '2023-02-16'),
(334, 'Lionel', 'Rodriguez', 'Entidad Publica', '2023-02-16'),
(335, 'Andres', 'Perez', 'Consumidor Final', '2023-02-16'),
(336, 'Nicolas', 'Fernandez', 'Monotributista', '2023-02-16'),
(337, 'Lionel', 'Fangio', 'Monotributista', '2023-02-16'),
(338, 'Lautaro', 'Perez', 'Sujeto Exento', '2023-02-16'),
(339, 'Nicolas', 'Perez', 'Entidad Publica', '2023-02-16'),
(340, 'Mateo', 'Benitez', 'Entidad Publica', '2023-02-16'),
(341, 'Nicolas', 'Fernandez', 'Consumidor Final', '2023-02-16'),
(342, 'Lionel', 'Messi', 'Entidad Publica', '2023-02-16'),
(343, 'Lautaro', 'Perez', 'Entidad Publica', '2023-02-16'),
(344, 'Diego', 'Fangio', 'Monotributista', '2023-02-16'),
(345, 'Lautaro', 'Messi', 'Entidad Publica', '2023-02-16'),
(346, 'Ciro', 'Messi', 'Sujeto Exento', '2023-02-16'),
(347, 'Benjamin', 'Rodriguez', 'Sujeto Exento', '2023-02-16'),
(348, 'Lautaro', 'Rodriguez', 'Entidad Publica', '2023-02-16'),
(349, 'Mateo', 'Rodriguez', 'Monotributista', '2023-02-16'),
(350, 'Ciro', 'Lombardo', 'Entidad Publica', '2023-02-16'),
(351, 'Lautaro', 'Messi', 'Sujeto Exento', '2023-02-16'),
(352, 'Benjamin', 'Fangio', 'Monotributista', '2023-02-16'),
(353, 'Ciro', 'Benitez', 'Responsable Inscripto', '2023-02-16'),
(354, 'Lautaro', 'Fernandez', 'Entidad Publica', '2023-02-16'),
(355, 'Andres', 'Fernandez', 'Monotributista', '2023-02-16'),
(356, 'Mateo', 'Messi', 'Entidad Publica', '2023-02-16'),
(357, 'Mateo', 'Messi', 'Responsable Inscripto', '2023-02-16'),
(358, 'Ciro', 'Perez', 'Responsable Inscripto', '2023-02-16'),
(359, 'Benjamin', 'Lombardo', 'Entidad Publica', '2023-02-16'),
(360, 'Benjamin', 'Perez', 'Sujeto Exento', '2023-02-16'),
(361, 'Lionel', 'Lombardo', 'Sujeto Exento', '2023-02-16'),
(362, 'Lautaro', 'Messi', 'Consumidor Final', '2023-02-16'),
(363, 'Mateo', 'Benitez', 'Responsable Inscripto', '2023-02-16'),
(364, 'Nicolas', 'Benitez', 'Consumidor Final', '2023-02-16'),
(365, 'Lautaro', 'Lombardo', 'Monotributista', '2023-02-16'),
(366, 'Felipe', 'Benitez', 'Consumidor Final', '2023-02-16'),
(367, 'Felipe', 'Lombardo', 'Sujeto Exento', '2023-02-16'),
(368, 'Felipe', 'Rodriguez', 'Consumidor Final', '2023-02-16'),
(369, 'Felipe', 'Benitez', 'Responsable Inscripto', '2023-02-16'),
(370, 'Felipe', 'Benitez', 'Consumidor Final', '2023-02-16'),
(371, 'Nicolas', 'Fangio', 'Entidad Publica', '2023-02-16'),
(372, 'Diego', 'Rodriguez', 'Entidad Publica', '2023-02-16'),
(373, 'Lionel', 'Perez', 'Consumidor Final', '2023-02-16'),
(374, 'Diego', 'Benitez', 'Monotributista', '2023-02-16'),
(375, 'Lautaro', 'Fangio', 'Monotributista', '2023-02-16'),
(376, 'Nicolas', 'Fernandez', 'Responsable Inscripto', '2023-02-16'),
(377, 'Andres', 'Fangio', 'Entidad Publica', '2023-02-16'),
(378, 'Ciro', 'Rodriguez', 'Monotributista', '2023-02-16'),
(379, 'Diego', 'Perez', 'Sujeto Exento', '2023-02-16'),
(380, 'Benjamin', 'Rodriguez', 'Responsable Inscripto', '2023-02-16'),
(381, 'Ciro', 'Perez', 'Entidad Publica', '2023-02-16'),
(382, 'Lionel', 'Messi', 'Sujeto Exento', '2023-02-16'),
(383, 'Mateo', 'Fernandez', 'Responsable Inscripto', '2023-02-16'),
(384, 'Mateo', 'Perez', 'Responsable Inscripto', '2023-02-16'),
(385, 'Felipe', 'Fangio', 'Consumidor Final', '2023-02-16'),
(386, 'Lautaro', 'Perez', 'Consumidor Final', '2023-02-16'),
(387, 'Ciro', 'Perez', 'Entidad Publica', '2023-02-16'),
(388, 'Felipe', 'Rodriguez', 'Consumidor Final', '2023-02-16'),
(389, 'Lionel', 'Fernandez', 'Monotributista', '2023-02-16'),
(390, 'Felipe', 'Perez', 'Entidad Publica', '2023-02-16'),
(391, 'Mateo', 'Benitez', 'Responsable Inscripto', '2023-02-16'),
(392, 'Mateo', 'Benitez', 'Entidad Publica', '2023-02-16'),
(393, 'Andres', 'Fangio', 'Responsable Inscripto', '2023-02-16'),
(394, 'Mateo', 'Rodriguez', 'Sujeto Exento', '2023-02-16'),
(395, 'Nicolas', 'Rodriguez', 'Sujeto Exento', '2023-02-16'),
(396, 'Nicolas', 'Fernandez', 'Sujeto Exento', '2023-02-16'),
(397, 'Felipe', 'Rodriguez', 'Responsable Inscripto', '2023-02-16'),
(398, 'Lautaro', 'Fernandez', 'Monotributista', '2023-02-16'),
(399, 'Felipe', 'Perez', 'Entidad Publica', '2023-02-16'),
(400, 'Lionel', 'Rodriguez', 'Entidad Publica', '2023-02-16'),
(401, 'Andres', 'Messi', 'Responsable Inscripto', '2023-02-16'),
(402, 'Mateo', 'Rodriguez', 'Entidad Publica', '2023-02-16'),
(403, 'Lautaro', 'Perez', 'Monotributista', '2023-02-16'),
(404, 'Benjamin', 'Fangio', 'Monotributista', '2023-02-16'),
(405, 'Felipe', 'Fernandez', 'Entidad Publica', '2023-02-16'),
(406, 'Ciro', 'Benitez', 'Responsable Inscripto', '2023-02-16'),
(407, 'Diego', 'Lombardo', 'Sujeto Exento', '2023-02-16'),
(408, 'Andres', 'Perez', 'Entidad Publica', '2023-02-16'),
(409, 'Felipe', 'Fangio', 'Entidad Publica', '2023-02-16'),
(410, 'Mateo', 'Fernandez', 'Sujeto Exento', '2023-02-16'),
(411, 'Lionel', 'Messi', 'Entidad Publica', '2023-02-16'),
(412, 'Benjamin', 'Benitez', 'Entidad Publica', '2023-02-16'),
(413, 'Ciro', 'Rodriguez', 'Monotributista', '2023-02-16'),
(414, 'Andres', 'Messi', 'Entidad Publica', '2023-02-16'),
(415, 'Nicolas', 'Rodriguez', 'Consumidor Final', '2023-02-16'),
(416, 'Benjamin', 'Messi', 'Consumidor Final', '2023-02-16'),
(417, 'Benjamin', 'Messi', 'Monotributista', '2023-02-16'),
(418, 'Lautaro', 'Rodriguez', 'Monotributista', '2023-02-16'),
(419, 'Mateo', 'Messi', 'Entidad Publica', '2023-02-16'),
(420, 'Diego', 'Fernandez', 'Sujeto Exento', '2023-02-16'),
(421, 'Benjamin', 'Rodriguez', 'Sujeto Exento', '2023-02-16'),
(422, 'Felipe', 'Lombardo', 'Responsable Inscripto', '2023-02-16'),
(423, 'Andres', 'Rodriguez', 'Responsable Inscripto', '2023-02-16'),
(424, 'Lautaro', 'Perez', 'Monotributista', '2023-02-16'),
(425, 'Benjamin', 'Perez', 'Responsable Inscripto', '2023-02-16'),
(426, 'Felipe', 'Messi', 'Sujeto Exento', '2023-02-16'),
(427, 'Lionel', 'Lombardo', 'Monotributista', '2023-02-16'),
(428, 'Diego', 'Lombardo', 'Sujeto Exento', '2023-02-16'),
(429, 'Mateo', 'Fangio', 'Sujeto Exento', '2023-02-16'),
(430, 'Benjamin', 'Perez', 'Sujeto Exento', '2023-02-16'),
(431, 'Benjamin', 'Benitez', 'Consumidor Final', '2023-02-16'),
(432, 'Nicolas', 'Rodriguez', 'Sujeto Exento', '2023-02-16'),
(433, 'Ciro', 'Rodriguez', 'Consumidor Final', '2023-02-16'),
(434, 'Diego', 'Messi', 'Entidad Publica', '2023-02-16'),
(435, 'Benjamin', 'Perez', 'Entidad Publica', '2023-02-16'),
(436, 'Lionel', 'Fangio', 'Sujeto Exento', '2023-02-16'),
(437, 'Felipe', 'Messi', 'Monotributista', '2023-02-16'),
(438, 'Felipe', 'Fangio', 'Consumidor Final', '2023-02-16'),
(439, 'Lionel', 'Perez', 'Responsable Inscripto', '2023-02-16'),
(440, 'Diego', 'Fernandez', 'Sujeto Exento', '2023-02-16'),
(441, 'Felipe', 'Lombardo', 'Consumidor Final', '2023-02-16'),
(442, 'Mateo', 'Fangio', 'Monotributista', '2023-02-16'),
(443, 'Diego', 'Lombardo', 'Responsable Inscripto', '2023-02-16'),
(444, 'Mateo', 'Rodriguez', 'Monotributista', '2023-02-16'),
(445, 'Nicolas', 'Fangio', 'Monotributista', '2023-02-16'),
(446, 'Nicolas', 'Lombardo', 'Responsable Inscripto', '2023-02-16'),
(447, 'Diego', 'Perez', 'Responsable Inscripto', '2023-02-16'),
(448, 'Mateo', 'Benitez', 'Entidad Publica', '2023-02-16'),
(449, 'Diego', 'Rodriguez', 'Responsable Inscripto', '2023-02-16'),
(450, 'Nicolas', 'Fangio', 'Responsable Inscripto', '2023-02-16'),
(451, 'Felipe', 'Benitez', 'Responsable Inscripto', '2023-02-16'),
(452, 'Andres', 'Benitez', 'Monotributista', '2023-02-16'),
(453, 'Lautaro', 'Perez', 'Monotributista', '2023-02-16'),
(454, 'Andres', 'Fangio', 'Consumidor Final', '2023-02-16'),
(455, 'Benjamin', 'Benitez', 'Consumidor Final', '2023-02-16'),
(456, 'Lautaro', 'Fangio', 'Sujeto Exento', '2023-02-16'),
(457, 'Benjamin', 'Rodriguez', 'Monotributista', '2023-02-16'),
(458, 'Benjamin', 'Fangio', 'Consumidor Final', '2023-02-16'),
(459, 'Andres', 'Benitez', 'Consumidor Final', '2023-02-16'),
(460, 'Nicolas', 'Lombardo', 'Entidad Publica', '2023-02-16'),
(461, 'Andres', 'Fangio', 'Responsable Inscripto', '2023-02-16'),
(462, 'Nicolas', 'Rodriguez', 'Entidad Publica', '2023-02-16'),
(463, 'Nicolas', 'Fernandez', 'Consumidor Final', '2023-02-16'),
(464, 'Ciro', 'Perez', 'Sujeto Exento', '2023-02-16'),
(465, 'Felipe', 'Rodriguez', 'Responsable Inscripto', '2023-02-16'),
(466, 'Mateo', 'Benitez', 'Responsable Inscripto', '2023-02-16'),
(467, 'Ciro', 'Fernandez', 'Consumidor Final', '2023-02-16'),
(468, 'Lionel', 'Lombardo', 'Monotributista', '2023-02-16'),
(469, 'Felipe', 'Fernandez', 'Consumidor Final', '2023-02-16'),
(470, 'Mateo', 'Fangio', 'Monotributista', '2023-02-16'),
(471, 'Felipe', 'Benitez', 'Sujeto Exento', '2023-02-16'),
(472, 'Lionel', 'Fangio', 'Monotributista', '2023-02-16'),
(473, 'Felipe', 'Benitez', 'Monotributista', '2023-02-16'),
(474, 'Diego', 'Rodriguez', 'Sujeto Exento', '2023-02-16'),
(475, 'Andres', 'Benitez', 'Entidad Publica', '2023-02-16'),
(476, 'Ciro', 'Lombardo', 'Sujeto Exento', '2023-02-16'),
(477, 'Felipe', 'Rodriguez', 'Entidad Publica', '2023-02-16'),
(478, 'Benjamin', 'Benitez', 'Monotributista', '2023-02-16'),
(479, 'Ciro', 'Perez', 'Entidad Publica', '2023-02-16'),
(480, 'Diego', 'Benitez', 'Monotributista', '2023-02-16'),
(481, 'Nicolas', 'Messi', 'Sujeto Exento', '2023-02-16'),
(482, 'Nicolas', 'Fernandez', 'Responsable Inscripto', '2023-02-16'),
(483, 'Lautaro', 'Fernandez', 'Monotributista', '2023-02-16'),
(484, 'Nicolas', 'Lombardo', 'Consumidor Final', '2023-02-16'),
(485, 'Mateo', 'Fernandez', 'Sujeto Exento', '2023-02-16'),
(486, 'Felipe', 'Rodriguez', 'Responsable Inscripto', '2023-02-16'),
(487, 'Felipe', 'Rodriguez', 'Responsable Inscripto', '2023-02-16'),
(488, 'Nicolas', 'Messi', 'Entidad Publica', '2023-02-16'),
(489, 'Diego', 'Fernandez', 'Sujeto Exento', '2023-02-16'),
(490, 'Andres', 'Perez', 'Responsable Inscripto', '2023-02-16'),
(491, 'Lautaro', 'Lombardo', 'Consumidor Final', '2023-02-16'),
(492, 'Lautaro', 'Rodriguez', 'Responsable Inscripto', '2023-02-16'),
(493, 'Benjamin', 'Rodriguez', 'Responsable Inscripto', '2023-02-16'),
(494, 'Lionel', 'Perez', 'Entidad Publica', '2023-02-16'),
(495, 'Ciro', 'Fangio', 'Entidad Publica', '2023-02-16'),
(496, 'Andres', 'Fernandez', 'Entidad Publica', '2023-02-16'),
(497, 'Lionel', 'Fangio', 'Sujeto Exento', '2023-02-16'),
(498, 'Benjamin', 'Lombardo', 'Consumidor Final', '2023-02-16'),
(499, 'Benjamin', 'Messi', 'Monotributista', '2023-02-16'),
(500, 'Ciro', 'Perez', 'Responsable Inscripto', '2023-02-16'),
(501, 'Jose', 'Lopez', 'Entidad Publica', '2023-02-16'),
(502, 'Juancruz', 'Perez', 'Responsable Inscripto', '2023-02-16'),
(503, 'Juancruz', 'Martinez', 'Responsable Inscripto', '2023-02-16');

-- --------------------------------------------------------

--
-- Estructura de tabla para la tabla `eventos_comprador`
--

CREATE TABLE `eventos_comprador` (
  `ID_Evento` int(11) NOT NULL,
  `Compra` int(11) DEFAULT NULL,
  `Devolución` int(11) DEFAULT NULL,
  `Visita` int(11) DEFAULT NULL,
  `Consulta` int(11) DEFAULT NULL,
  `Actualizacion_Datos` int(11) DEFAULT NULL,
  `Descarga_Datos` int(11) DEFAULT NULL,
  `ID_Comprador` int(11) DEFAULT NULL
) ENGINE=InnoDB DEFAULT CHARSET=utf8mb4;

--
-- Volcado de datos para la tabla `eventos_comprador`
--

INSERT INTO `eventos_comprador` (`ID_Evento`, `Compra`, `Devolución`, `Visita`, `Consulta`, `Actualizacion_Datos`, `Descarga_Datos`, `ID_Comprador`) VALUES
(1, 501, NULL, NULL, NULL, NULL, NULL, 2),
(2, 502, NULL, NULL, NULL, NULL, NULL, 20);

-- --------------------------------------------------------

--
-- Estructura de tabla para la tabla `productos`
--

CREATE TABLE `productos` (
  `ID_Producto` int(11) NOT NULL,
  `Nombre` varchar(25) DEFAULT NULL,
  `Descripcion` varchar(80) DEFAULT NULL,
  `Precio` int(11) DEFAULT NULL,
  `Cantidad_Stock` int(11) DEFAULT NULL
) ENGINE=InnoDB DEFAULT CHARSET=utf8mb4;

--
-- Volcado de datos para la tabla `productos`
--

INSERT INTO `productos` (`ID_Producto`, `Nombre`, `Descripcion`, `Precio`, `Cantidad_Stock`) VALUES
(1, 'Gabinete RGB', 'Eficiencia pura', 7000, 12),
(2, 'GTX 1090 RGB', 'Nuevo lanzamiento', 500, 50),
(3, 'Gabinete RGB', 'La cuspide de la evolución', 200, 24),
(4, 'Cooler Sentey', 'Ultima Generación en electronica', 4000, 22),
(5, 'Mouse Wireless', 'Nuevo lanzamiento', 200, 100),
(6, 'DJ Controller', 'Eficiencia pura', 1500, 20),
(7, 'Mouse Wireless', 'Maximo rendimiento', 300, 25),
(8, 'Ergonomic Chair', 'Eficiencia pura', 4000, 22),
(9, 'Joystick PS4', 'Eficiencia pura', 7000, 20),
(10, 'Ergonomic Chair', 'Nuevo lanzamiento', 18000, 14),
(11, 'Monitor RGB 144Hz', 'El mejor confort', 18000, 22),
(12, 'Gigabyte Ultradurable', 'Eficiencia pura', 18000, 50),
(13, 'Cooler Sentey', 'Ultima Generación en electronica', 18000, 25),
(14, 'Gigabyte Ultradurable', 'El mejor confort', 7000, 14),
(15, 'Monitor RGB 144Hz', 'La cuspide de la evolución', 300, 25),
(16, 'Mouse Wireless', 'La cuspide de la evolución', 4000, 18),
(17, 'DJ Controller', 'Maximo rendimiento', 4000, 24),
(18, 'GTX 1090 RGB', 'Nuevo lanzamiento', 500, 50),
(19, 'Monitor RGB 144Hz', 'Ultima Generación en electronica', 900, 12),
(20, 'Joystick PS4', 'Nuevo lanzamiento', 2400, 50),
(21, 'Joystick PS4', 'Maximo rendimiento', 4000, 100),
(22, 'Cooler Sentey', 'Nuevo lanzamiento', 2400, 50),
(23, 'Ergonomic Chair', 'El mejor confort', 1500, 12),
(24, 'Mouse Wireless', 'Maximo rendimiento', 200, 50),
(25, 'Mouse Wireless', 'Eficiencia pura', 4000, 25),
(26, 'DJ Controller', 'Eficiencia pura', 2400, 22),
(27, 'Gabinete RGB', 'Ultima Generación en electronica', 200, 30),
(28, 'DJ Controller', 'Maximo rendimiento', 2400, 14),
(29, 'Ergonomic Chair', 'Ultima Generación en electronica', 300, 25),
(30, 'Cooler Sentey', 'Eficiencia pura', 2400, 22),
(31, 'Teclado RGB HyperX', 'La cuspide de la evolución', 7000, 25),
(32, 'Joystick PS4', 'Eficiencia pura', 18000, 50),
(33, 'Ergonomic Chair', 'El mejor confort', 7000, 12),
(34, 'Mouse Wireless', 'El mejor confort', 7000, 12),
(35, 'Monitor RGB 144Hz', 'Maximo rendimiento', 200, 22),
(36, 'Teclado RGB HyperX', 'Nuevo lanzamiento', 900, 20),
(37, 'Monitor RGB 144Hz', 'Eficiencia pura', 900, 100),
(38, 'Mouse Wireless', 'La cuspide de la evolución', 200, 18),
(39, 'Gabinete RGB', 'Nuevo lanzamiento', 1500, 30),
(40, 'Teclado RGB HyperX', 'Nuevo lanzamiento', 2400, 22),
(41, 'Joystick PS4', 'Eficiencia pura', 18000, 22),
(42, 'Monitor RGB 144Hz', 'El mejor confort', 500, 20),
(43, 'Mouse Wireless', 'Eficiencia pura', 900, 50),
(44, 'Ergonomic Chair', 'La cuspide de la evolución', 1500, 24),
(45, 'Cooler Sentey', 'La cuspide de la evolución', 300, 30),
(46, 'Joystick PS4', 'El mejor confort', 300, 20),
(47, 'Monitor RGB 144Hz', 'Nuevo lanzamiento', 900, 50),
(48, 'Joystick PS4', 'Ultima Generación en electronica', 1500, 100),
(49, 'Gabinete RGB', 'Maximo rendimiento', 7000, 22),
(50, 'Ergonomic Chair', 'Nuevo lanzamiento', 1500, 12),
(51, 'GTX 1090 RGB', 'El mejor confort', 500, 50),
(52, 'Ergonomic Chair', 'La cuspide de la evolución', 1500, 50),
(53, 'Teclado RGB HyperX', 'El mejor confort', 200, 22),
(54, 'Mouse Wireless', 'La cuspide de la evolución', 4000, 18),
(55, 'Teclado RGB HyperX', 'Maximo rendimiento', 900, 25),
(56, 'Cooler Sentey', 'Nuevo lanzamiento', 500, 100),
(57, 'Gabinete RGB', 'El mejor confort', 500, 18),
(58, 'Monitor RGB 144Hz', 'Eficiencia pura', 2400, 50),
(59, 'Monitor RGB 144Hz', 'El mejor confort', 200, 18),
(60, 'Teclado RGB HyperX', 'La cuspide de la evolución', 18000, 22),
(61, 'Monitor RGB 144Hz', 'La cuspide de la evolución', 1500, 12),
(62, 'Joystick PS4', 'El mejor confort', 300, 22),
(63, 'Gabinete RGB', 'La cuspide de la evolución', 900, 12),
(64, 'Teclado RGB HyperX', 'Ultima Generación en electronica', 300, 50),
(65, 'Ergonomic Chair', 'Ultima Generación en electronica', 900, 14),
(66, 'Mouse Wireless', 'La cuspide de la evolución', 7000, 18),
(67, 'Gabinete RGB', 'La cuspide de la evolución', 500, 100),
(68, 'Joystick PS4', 'Nuevo lanzamiento', 4000, 25),
(69, 'Cooler Sentey', 'Nuevo lanzamiento', 500, 22),
(70, 'Ergonomic Chair', 'Nuevo lanzamiento', 300, 20),
(71, 'DJ Controller', 'Nuevo lanzamiento', 1500, 18),
(72, 'Teclado RGB HyperX', 'Eficiencia pura', 900, 24),
(73, 'Monitor RGB 144Hz', 'Nuevo lanzamiento', 2400, 14),
(74, 'Gigabyte Ultradurable', 'Eficiencia pura', 18000, 22),
(75, 'Monitor RGB 144Hz', 'La cuspide de la evolución', 300, 25),
(76, 'Gigabyte Ultradurable', 'Nuevo lanzamiento', 200, 12),
(77, 'Gabinete RGB', 'Ultima Generación en electronica', 500, 100),
(78, 'DJ Controller', 'Nuevo lanzamiento', 500, 50),
(79, 'Gabinete RGB', 'El mejor confort', 18000, 25),
(80, 'Joystick PS4', 'Nuevo lanzamiento', 4000, 24),
(81, 'GTX 1090 RGB', 'Maximo rendimiento', 4000, 20),
(82, 'GTX 1090 RGB', 'Eficiencia pura', 4000, 24),
(83, 'DJ Controller', 'Eficiencia pura', 2400, 24),
(84, 'Teclado RGB HyperX', 'Eficiencia pura', 900, 18),
(85, 'GTX 1090 RGB', 'Eficiencia pura', 300, 25),
(86, 'Teclado RGB HyperX', 'El mejor confort', 500, 18),
(87, 'Cooler Sentey', 'Eficiencia pura', 500, 14),
(88, 'Mouse Wireless', 'Maximo rendimiento', 7000, 18),
(89, 'GTX 1090 RGB', 'Ultima Generación en electronica', 500, 30),
(90, 'Joystick PS4', 'El mejor confort', 7000, 22),
(91, 'Mouse Wireless', 'Nuevo lanzamiento', 18000, 30),
(92, 'Teclado RGB HyperX', 'Eficiencia pura', 500, 25),
(93, 'Joystick PS4', 'La cuspide de la evolución', 200, 50),
(94, 'Cooler Sentey', 'Ultima Generación en electronica', 500, 18),
(95, 'Cooler Sentey', 'La cuspide de la evolución', 18000, 18),
(96, 'Teclado RGB HyperX', 'Eficiencia pura', 900, 20),
(97, 'DJ Controller', 'La cuspide de la evolución', 4000, 25),
(98, 'Ergonomic Chair', 'Ultima Generación en electronica', 4000, 100),
(99, 'Ergonomic Chair', 'Eficiencia pura', 18000, 22),
(100, 'Monitor RGB 144Hz', 'La cuspide de la evolución', 300, 24),
(101, 'Ergonomic Chair', 'Eficiencia pura', 500, 30),
(102, 'Mouse Wireless', 'El mejor confort', 18000, 20),
(103, 'Monitor RGB 144Hz', 'El mejor confort', 18000, 25),
(104, 'DJ Controller', 'Maximo rendimiento', 300, 30),
(105, 'Mouse Wireless', 'Eficiencia pura', 7000, 50),
(106, 'Ergonomic Chair', 'El mejor confort', 200, 25),
(107, 'Monitor RGB 144Hz', 'Nuevo lanzamiento', 18000, 14),
(108, 'GTX 1090 RGB', 'Maximo rendimiento', 300, 22),
(109, 'Teclado RGB HyperX', 'Maximo rendimiento', 300, 25),
(110, 'Teclado RGB HyperX', 'Nuevo lanzamiento', 200, 25),
(111, 'Ergonomic Chair', 'Maximo rendimiento', 7000, 22),
(112, 'Mouse Wireless', 'Nuevo lanzamiento', 200, 22),
(113, 'Teclado RGB HyperX', 'Eficiencia pura', 900, 14),
(114, 'Teclado RGB HyperX', 'El mejor confort', 900, 30),
(115, 'Mouse Wireless', 'Maximo rendimiento', 2400, 24),
(116, 'Gabinete RGB', 'Ultima Generación en electronica', 200, 18),
(117, 'DJ Controller', 'La cuspide de la evolución', 2400, 25),
(118, 'Gigabyte Ultradurable', 'Ultima Generación en electronica', 200, 18),
(119, 'Teclado RGB HyperX', 'Ultima Generación en electronica', 18000, 14),
(120, 'Cooler Sentey', 'Maximo rendimiento', 1500, 25),
(121, 'GTX 1090 RGB', 'Eficiencia pura', 900, 50),
(122, 'Monitor RGB 144Hz', 'El mejor confort', 1500, 14),
(123, 'Teclado RGB HyperX', 'La cuspide de la evolución', 7000, 24),
(124, 'Gabinete RGB', 'Eficiencia pura', 2400, 30),
(125, 'Joystick PS4', 'El mejor confort', 900, 100),
(126, 'Gabinete RGB', 'Maximo rendimiento', 4000, 18),
(127, 'GTX 1090 RGB', 'Nuevo lanzamiento', 7000, 50),
(128, 'GTX 1090 RGB', 'Eficiencia pura', 900, 100),
(129, 'Gigabyte Ultradurable', 'Ultima Generación en electronica', 1500, 18),
(130, 'Ergonomic Chair', 'Ultima Generación en electronica', 300, 18),
(131, 'Gabinete RGB', 'La cuspide de la evolución', 18000, 50),
(132, 'DJ Controller', 'Nuevo lanzamiento', 200, 25),
(133, 'Monitor RGB 144Hz', 'Eficiencia pura', 300, 12),
(134, 'Cooler Sentey', 'El mejor confort', 900, 30),
(135, 'Mouse Wireless', 'El mejor confort', 900, 14),
(136, 'Teclado RGB HyperX', 'Eficiencia pura', 200, 14),
(137, 'GTX 1090 RGB', 'Maximo rendimiento', 900, 22),
(138, 'Ergonomic Chair', 'Nuevo lanzamiento', 2400, 14),
(139, 'Gigabyte Ultradurable', 'Nuevo lanzamiento', 2400, 22),
(140, 'DJ Controller', 'Eficiencia pura', 2400, 24),
(141, 'Monitor RGB 144Hz', 'Eficiencia pura', 300, 18),
(142, 'Joystick PS4', 'Ultima Generación en electronica', 18000, 20),
(143, 'GTX 1090 RGB', 'Maximo rendimiento', 4000, 25),
(144, 'Joystick PS4', 'Maximo rendimiento', 900, 24),
(145, 'Joystick PS4', 'La cuspide de la evolución', 900, 22),
(146, 'GTX 1090 RGB', 'Nuevo lanzamiento', 900, 14),
(147, 'Mouse Wireless', 'Nuevo lanzamiento', 2400, 24),
(148, 'DJ Controller', 'El mejor confort', 1500, 25),
(149, 'GTX 1090 RGB', 'Eficiencia pura', 2400, 100),
(150, 'Teclado RGB HyperX', 'Eficiencia pura', 1500, 14),
(151, 'Gabinete RGB', 'Maximo rendimiento', 500, 100),
(152, 'Gabinete RGB', 'Ultima Generación en electronica', 900, 20),
(153, 'Monitor RGB 144Hz', 'Eficiencia pura', 200, 20),
(154, 'Gigabyte Ultradurable', 'Nuevo lanzamiento', 200, 100),
(155, 'Mouse Wireless', 'Eficiencia pura', 1500, 100),
(156, 'Mouse Wireless', 'Eficiencia pura', 200, 12),
(157, 'Teclado RGB HyperX', 'Ultima Generación en electronica', 900, 18),
(158, 'Gabinete RGB', 'Maximo rendimiento', 300, 50),
(159, 'Ergonomic Chair', 'Eficiencia pura', 7000, 20),
(160, 'Gigabyte Ultradurable', 'Ultima Generación en electronica', 200, 12),
(161, 'GTX 1090 RGB', 'Nuevo lanzamiento', 200, 12),
(162, 'Monitor RGB 144Hz', 'Ultima Generación en electronica', 1500, 30),
(163, 'Teclado RGB HyperX', 'Ultima Generación en electronica', 500, 14),
(164, 'Gigabyte Ultradurable', 'Maximo rendimiento', 4000, 18),
(165, 'Gabinete RGB', 'Ultima Generación en electronica', 1500, 20),
(166, 'Teclado RGB HyperX', 'Maximo rendimiento', 1500, 100),
(167, 'GTX 1090 RGB', 'Nuevo lanzamiento', 900, 18),
(168, 'Cooler Sentey', 'La cuspide de la evolución', 1500, 24),
(169, 'Gabinete RGB', 'Maximo rendimiento', 500, 25),
(170, 'Cooler Sentey', 'El mejor confort', 200, 30),
(171, 'GTX 1090 RGB', 'Ultima Generación en electronica', 1500, 22),
(172, 'Mouse Wireless', 'El mejor confort', 300, 24),
(173, 'Joystick PS4', 'Maximo rendimiento', 2400, 24),
(174, 'GTX 1090 RGB', 'Eficiencia pura', 2400, 30),
(175, 'Mouse Wireless', 'Ultima Generación en electronica', 1500, 25),
(176, 'Joystick PS4', 'Eficiencia pura', 300, 100),
(177, 'GTX 1090 RGB', 'Ultima Generación en electronica', 4000, 12),
(178, 'GTX 1090 RGB', 'La cuspide de la evolución', 900, 50),
(179, 'Joystick PS4', 'Eficiencia pura', 4000, 22),
(180, 'Joystick PS4', 'Maximo rendimiento', 7000, 100),
(181, 'Gigabyte Ultradurable', 'Nuevo lanzamiento', 500, 14),
(182, 'Gabinete RGB', 'Ultima Generación en electronica', 18000, 50),
(183, 'Teclado RGB HyperX', 'El mejor confort', 4000, 50),
(184, 'GTX 1090 RGB', 'La cuspide de la evolución', 1500, 25),
(185, 'Gabinete RGB', 'La cuspide de la evolución', 500, 22),
(186, 'Teclado RGB HyperX', 'Eficiencia pura', 2400, 22),
(187, 'Mouse Wireless', 'Nuevo lanzamiento', 4000, 24),
(188, 'GTX 1090 RGB', 'Ultima Generación en electronica', 900, 20),
(189, 'Joystick PS4', 'Ultima Generación en electronica', 900, 30),
(190, 'Joystick PS4', 'Eficiencia pura', 7000, 24),
(191, 'GTX 1090 RGB', 'Nuevo lanzamiento', 300, 100),
(192, 'Mouse Wireless', 'La cuspide de la evolución', 4000, 100),
(193, 'Ergonomic Chair', 'El mejor confort', 1500, 24),
(194, 'Gabinete RGB', 'La cuspide de la evolución', 4000, 50),
(195, 'GTX 1090 RGB', 'El mejor confort', 1500, 20),
(196, 'Ergonomic Chair', 'La cuspide de la evolución', 2400, 30),
(197, 'Mouse Wireless', 'Eficiencia pura', 900, 24),
(198, 'Gigabyte Ultradurable', 'La cuspide de la evolución', 900, 100),
(199, 'Joystick PS4', 'Maximo rendimiento', 18000, 24),
(200, 'Joystick PS4', 'Nuevo lanzamiento', 1500, 22),
(201, 'Cooler Sentey', 'Eficiencia pura', 2400, 18),
(202, 'Joystick PS4', 'El mejor confort', 500, 20),
(203, 'Cooler Sentey', 'Nuevo lanzamiento', 500, 100),
(204, 'Gigabyte Ultradurable', 'Maximo rendimiento', 300, 14),
(205, 'GTX 1090 RGB', 'El mejor confort', 200, 12),
(206, 'Gigabyte Ultradurable', 'Nuevo lanzamiento', 900, 100),
(207, 'Mouse Wireless', 'La cuspide de la evolución', 300, 50),
(208, 'Gabinete RGB', 'Eficiencia pura', 200, 14),
(209, 'Joystick PS4', 'El mejor confort', 500, 100),
(210, 'Mouse Wireless', 'Eficiencia pura', 500, 18),
(211, 'Gigabyte Ultradurable', 'Ultima Generación en electronica', 200, 12),
(212, 'Ergonomic Chair', 'La cuspide de la evolución', 7000, 14),
(213, 'Teclado RGB HyperX', 'El mejor confort', 900, 30),
(214, 'DJ Controller', 'Nuevo lanzamiento', 7000, 18),
(215, 'Monitor RGB 144Hz', 'Maximo rendimiento', 4000, 50),
(216, 'Teclado RGB HyperX', 'Maximo rendimiento', 200, 25),
(217, 'Cooler Sentey', 'El mejor confort', 2400, 50),
(218, 'Joystick PS4', 'Eficiencia pura', 500, 100),
(219, 'Gigabyte Ultradurable', 'Eficiencia pura', 300, 30),
(220, 'Gigabyte Ultradurable', 'Maximo rendimiento', 2400, 14),
(221, 'Cooler Sentey', 'La cuspide de la evolución', 2400, 100),
(222, 'DJ Controller', 'Eficiencia pura', 300, 12),
(223, 'Gabinete RGB', 'La cuspide de la evolución', 900, 100),
(224, 'GTX 1090 RGB', 'Eficiencia pura', 200, 24),
(225, 'Teclado RGB HyperX', 'Maximo rendimiento', 900, 20),
(226, 'Joystick PS4', 'Maximo rendimiento', 18000, 24),
(227, 'Cooler Sentey', 'Maximo rendimiento', 4000, 30),
(228, 'Cooler Sentey', 'Nuevo lanzamiento', 2400, 100),
(229, 'Gigabyte Ultradurable', 'Maximo rendimiento', 200, 20),
(230, 'Mouse Wireless', 'Eficiencia pura', 900, 20),
(231, 'Gabinete RGB', 'Ultima Generación en electronica', 4000, 22),
(232, 'GTX 1090 RGB', 'Maximo rendimiento', 200, 22),
(233, 'Gabinete RGB', 'La cuspide de la evolución', 1500, 30),
(234, 'GTX 1090 RGB', 'El mejor confort', 7000, 18),
(235, 'Gigabyte Ultradurable', 'Nuevo lanzamiento', 18000, 14),
(236, 'Gigabyte Ultradurable', 'La cuspide de la evolución', 2400, 50),
(237, 'Mouse Wireless', 'La cuspide de la evolución', 2400, 25),
(238, 'Gabinete RGB', 'La cuspide de la evolución', 2400, 12),
(239, 'Gabinete RGB', 'El mejor confort', 4000, 25),
(240, 'GTX 1090 RGB', 'Maximo rendimiento', 300, 22),
(241, 'Gigabyte Ultradurable', 'Eficiencia pura', 2400, 50),
(242, 'Joystick PS4', 'Ultima Generación en electronica', 200, 20),
(243, 'Gigabyte Ultradurable', 'Nuevo lanzamiento', 18000, 18),
(244, 'Teclado RGB HyperX', 'La cuspide de la evolución', 500, 14),
(245, 'Monitor RGB 144Hz', 'Ultima Generación en electronica', 2400, 100),
(246, 'DJ Controller', 'Ultima Generación en electronica', 500, 18),
(247, 'Ergonomic Chair', 'Nuevo lanzamiento', 500, 24),
(248, 'GTX 1090 RGB', 'Ultima Generación en electronica', 2400, 12),
(249, 'Cooler Sentey', 'Maximo rendimiento', 1500, 100),
(250, 'Gabinete RGB', 'Maximo rendimiento', 7000, 30),
(251, 'Mouse Wireless', 'Nuevo lanzamiento', 1500, 12),
(252, 'Monitor RGB 144Hz', 'Maximo rendimiento', 4000, 20),
(253, 'GTX 1090 RGB', 'Eficiencia pura', 300, 12),
(254, 'DJ Controller', 'Ultima Generación en electronica', 1500, 100),
(255, 'Monitor RGB 144Hz', 'Ultima Generación en electronica', 18000, 12),
(256, 'DJ Controller', 'Maximo rendimiento', 900, 30),
(257, 'Monitor RGB 144Hz', 'Eficiencia pura', 1500, 25),
(258, 'DJ Controller', 'Eficiencia pura', 900, 20),
(259, 'Gabinete RGB', 'Maximo rendimiento', 18000, 22),
(260, 'Cooler Sentey', 'El mejor confort', 2400, 25),
(261, 'Gigabyte Ultradurable', 'Maximo rendimiento', 200, 25),
(262, 'DJ Controller', 'El mejor confort', 18000, 100),
(263, 'Gigabyte Ultradurable', 'Ultima Generación en electronica', 18000, 12),
(264, 'Mouse Wireless', 'Ultima Generación en electronica', 1500, 14),
(265, 'Monitor RGB 144Hz', 'La cuspide de la evolución', 900, 12),
(266, 'Monitor RGB 144Hz', 'La cuspide de la evolución', 300, 12),
(267, 'Gabinete RGB', 'La cuspide de la evolución', 2400, 100),
(268, 'Gabinete RGB', 'El mejor confort', 900, 25),
(269, 'Ergonomic Chair', 'El mejor confort', 200, 50),
(270, 'Monitor RGB 144Hz', 'Nuevo lanzamiento', 300, 30),
(271, 'Teclado RGB HyperX', 'La cuspide de la evolución', 1500, 12),
(272, 'Teclado RGB HyperX', 'Nuevo lanzamiento', 1500, 20),
(273, 'DJ Controller', 'Eficiencia pura', 500, 12),
(274, 'DJ Controller', 'Eficiencia pura', 7000, 24),
(275, 'Ergonomic Chair', 'Eficiencia pura', 7000, 50),
(276, 'Gigabyte Ultradurable', 'Ultima Generación en electronica', 500, 100),
(277, 'Gabinete RGB', 'Eficiencia pura', 1500, 24),
(278, 'Teclado RGB HyperX', 'Ultima Generación en electronica', 1500, 12),
(279, 'Mouse Wireless', 'Maximo rendimiento', 18000, 30),
(280, 'Mouse Wireless', 'Nuevo lanzamiento', 1500, 14),
(281, 'DJ Controller', 'Ultima Generación en electronica', 1500, 100),
(282, 'Teclado RGB HyperX', 'Ultima Generación en electronica', 500, 24),
(283, 'GTX 1090 RGB', 'Eficiencia pura', 300, 20),
(284, 'Joystick PS4', 'El mejor confort', 2400, 24),
(285, 'Gigabyte Ultradurable', 'La cuspide de la evolución', 4000, 24),
(286, 'DJ Controller', 'Nuevo lanzamiento', 900, 50),
(287, 'DJ Controller', 'Eficiencia pura', 18000, 14),
(288, 'Joystick PS4', 'Eficiencia pura', 1500, 22),
(289, 'Gigabyte Ultradurable', 'El mejor confort', 500, 22),
(290, 'Cooler Sentey', 'Nuevo lanzamiento', 7000, 24),
(291, 'Gigabyte Ultradurable', 'El mejor confort', 18000, 100),
(292, 'DJ Controller', 'Eficiencia pura', 7000, 22),
(293, 'DJ Controller', 'El mejor confort', 18000, 18),
(294, 'Cooler Sentey', 'Eficiencia pura', 1500, 24),
(295, 'GTX 1090 RGB', 'Eficiencia pura', 1500, 12),
(296, 'GTX 1090 RGB', 'Ultima Generación en electronica', 4000, 30),
(297, 'GTX 1090 RGB', 'Eficiencia pura', 300, 20),
(298, 'Joystick PS4', 'Eficiencia pura', 900, 30),
(299, 'Monitor RGB 144Hz', 'Eficiencia pura', 500, 14),
(300, 'Mouse Wireless', 'Eficiencia pura', 7000, 14),
(301, 'Teclado RGB HyperX', 'La cuspide de la evolución', 300, 25),
(302, 'Monitor RGB 144Hz', 'El mejor confort', 1500, 22),
(303, 'GTX 1090 RGB', 'Maximo rendimiento', 4000, 50),
(304, 'Cooler Sentey', 'Eficiencia pura', 300, 30),
(305, 'Mouse Wireless', 'Eficiencia pura', 18000, 12),
(306, 'GTX 1090 RGB', 'Ultima Generación en electronica', 500, 100),
(307, 'Monitor RGB 144Hz', 'La cuspide de la evolución', 7000, 24),
(308, 'Teclado RGB HyperX', 'La cuspide de la evolución', 7000, 30),
(309, 'Cooler Sentey', 'Maximo rendimiento', 300, 12),
(310, 'DJ Controller', 'Maximo rendimiento', 18000, 20),
(311, 'Monitor RGB 144Hz', 'Maximo rendimiento', 500, 12),
(312, 'DJ Controller', 'Eficiencia pura', 900, 14),
(313, 'Mouse Wireless', 'La cuspide de la evolución', 200, 100),
(314, 'Joystick PS4', 'Nuevo lanzamiento', 200, 18),
(315, 'DJ Controller', 'La cuspide de la evolución', 1500, 24),
(316, 'GTX 1090 RGB', 'La cuspide de la evolución', 900, 14),
(317, 'Gabinete RGB', 'El mejor confort', 300, 24),
(318, 'Gigabyte Ultradurable', 'Eficiencia pura', 18000, 50),
(319, 'Joystick PS4', 'Nuevo lanzamiento', 7000, 20),
(320, 'Gigabyte Ultradurable', 'El mejor confort', 300, 30),
(321, 'DJ Controller', 'Maximo rendimiento', 1500, 20),
(322, 'Cooler Sentey', 'Nuevo lanzamiento', 900, 12),
(323, 'Gabinete RGB', 'El mejor confort', 1500, 14),
(324, 'GTX 1090 RGB', 'Maximo rendimiento', 4000, 25),
(325, 'Ergonomic Chair', 'Eficiencia pura', 900, 20),
(326, 'Cooler Sentey', 'Eficiencia pura', 1500, 24),
(327, 'Cooler Sentey', 'El mejor confort', 500, 24),
(328, 'Teclado RGB HyperX', 'La cuspide de la evolución', 4000, 30),
(329, 'Monitor RGB 144Hz', 'El mejor confort', 500, 30),
(330, 'Gigabyte Ultradurable', 'Eficiencia pura', 18000, 22),
(331, 'Teclado RGB HyperX', 'Nuevo lanzamiento', 300, 20),
(332, 'Cooler Sentey', 'Nuevo lanzamiento', 7000, 22),
(333, 'GTX 1090 RGB', 'Eficiencia pura', 200, 18),
(334, 'Monitor RGB 144Hz', 'Nuevo lanzamiento', 4000, 100),
(335, 'Teclado RGB HyperX', 'Ultima Generación en electronica', 2400, 12),
(336, 'DJ Controller', 'Ultima Generación en electronica', 18000, 20),
(337, 'Joystick PS4', 'Ultima Generación en electronica', 4000, 14),
(338, 'Gabinete RGB', 'El mejor confort', 900, 50),
(339, 'Cooler Sentey', 'La cuspide de la evolución', 200, 12),
(340, 'Mouse Wireless', 'El mejor confort', 7000, 20),
(341, 'Teclado RGB HyperX', 'Nuevo lanzamiento', 7000, 50),
(342, 'DJ Controller', 'Maximo rendimiento', 4000, 20),
(343, 'Monitor RGB 144Hz', 'El mejor confort', 2400, 25),
(344, 'Monitor RGB 144Hz', 'Maximo rendimiento', 4000, 30),
(345, 'Monitor RGB 144Hz', 'Ultima Generación en electronica', 900, 22),
(346, 'Monitor RGB 144Hz', 'La cuspide de la evolución', 4000, 50),
(347, 'Gabinete RGB', 'Maximo rendimiento', 200, 14),
(348, 'Joystick PS4', 'Eficiencia pura', 500, 22),
(349, 'Cooler Sentey', 'Maximo rendimiento', 1500, 30),
(350, 'Gigabyte Ultradurable', 'El mejor confort', 1500, 50),
(351, 'Gabinete RGB', 'Ultima Generación en electronica', 500, 24),
(352, 'Joystick PS4', 'La cuspide de la evolución', 4000, 50),
(353, 'Cooler Sentey', 'El mejor confort', 300, 24),
(354, 'Joystick PS4', 'Eficiencia pura', 200, 50),
(355, 'Teclado RGB HyperX', 'Eficiencia pura', 200, 30),
(356, 'Ergonomic Chair', 'Eficiencia pura', 4000, 12),
(357, 'Monitor RGB 144Hz', 'Ultima Generación en electronica', 500, 22),
(358, 'Monitor RGB 144Hz', 'La cuspide de la evolución', 4000, 22),
(359, 'Cooler Sentey', 'La cuspide de la evolución', 1500, 50),
(360, 'Joystick PS4', 'Nuevo lanzamiento', 300, 100),
(361, 'Monitor RGB 144Hz', 'Eficiencia pura', 300, 20),
(362, 'Teclado RGB HyperX', 'Nuevo lanzamiento', 500, 50),
(363, 'Ergonomic Chair', 'La cuspide de la evolución', 300, 20),
(364, 'Gigabyte Ultradurable', 'Eficiencia pura', 500, 18),
(365, 'DJ Controller', 'Ultima Generación en electronica', 900, 14),
(366, 'Gigabyte Ultradurable', 'Eficiencia pura', 300, 12),
(367, 'Cooler Sentey', 'La cuspide de la evolución', 7000, 18),
(368, 'GTX 1090 RGB', 'El mejor confort', 4000, 14),
(369, 'Monitor RGB 144Hz', 'Eficiencia pura', 200, 24),
(370, 'Monitor RGB 144Hz', 'Eficiencia pura', 18000, 14),
(371, 'Mouse Wireless', 'Ultima Generación en electronica', 1500, 22),
(372, 'GTX 1090 RGB', 'El mejor confort', 900, 25),
(373, 'GTX 1090 RGB', 'Maximo rendimiento', 4000, 50),
(374, 'Teclado RGB HyperX', 'La cuspide de la evolución', 1500, 12),
(375, 'Cooler Sentey', 'El mejor confort', 500, 100),
(376, 'Cooler Sentey', 'Maximo rendimiento', 900, 12),
(377, 'Mouse Wireless', 'Maximo rendimiento', 300, 30),
(378, 'Gigabyte Ultradurable', 'La cuspide de la evolución', 2400, 22),
(379, 'Cooler Sentey', 'El mejor confort', 900, 12),
(380, 'Cooler Sentey', 'Nuevo lanzamiento', 4000, 24),
(381, 'Teclado RGB HyperX', 'Eficiencia pura', 900, 25),
(382, 'Monitor RGB 144Hz', 'Eficiencia pura', 900, 14),
(383, 'Teclado RGB HyperX', 'Nuevo lanzamiento', 7000, 18),
(384, 'DJ Controller', 'Eficiencia pura', 4000, 24),
(385, 'Teclado RGB HyperX', 'Ultima Generación en electronica', 300, 100),
(386, 'Gabinete RGB', 'Maximo rendimiento', 200, 20),
(387, 'Ergonomic Chair', 'Maximo rendimiento', 4000, 22),
(388, 'DJ Controller', 'Eficiencia pura', 900, 30),
(389, 'Ergonomic Chair', 'Eficiencia pura', 2400, 20),
(390, 'Gigabyte Ultradurable', 'Maximo rendimiento', 18000, 30),
(391, 'Mouse Wireless', 'Nuevo lanzamiento', 900, 24),
(392, 'GTX 1090 RGB', 'La cuspide de la evolución', 2400, 25),
(393, 'Cooler Sentey', 'Nuevo lanzamiento', 500, 12),
(394, 'Gabinete RGB', 'Nuevo lanzamiento', 2400, 12),
(395, 'DJ Controller', 'Ultima Generación en electronica', 2400, 20),
(396, 'Cooler Sentey', 'Eficiencia pura', 500, 22),
(397, 'Teclado RGB HyperX', 'Nuevo lanzamiento', 900, 25),
(398, 'Monitor RGB 144Hz', 'Maximo rendimiento', 7000, 14),
(399, 'GTX 1090 RGB', 'Nuevo lanzamiento', 18000, 18),
(400, 'Cooler Sentey', 'Ultima Generación en electronica', 4000, 100),
(401, 'Teclado RGB HyperX', 'Ultima Generación en electronica', 300, 14),
(402, 'Cooler Sentey', 'Nuevo lanzamiento', 200, 30),
(403, 'Joystick PS4', 'Ultima Generación en electronica', 500, 18),
(404, 'Joystick PS4', 'El mejor confort', 500, 18),
(405, 'Mouse Wireless', 'Eficiencia pura', 2400, 12),
(406, 'Teclado RGB HyperX', 'Ultima Generación en electronica', 2400, 20),
(407, 'GTX 1090 RGB', 'Eficiencia pura', 200, 25),
(408, 'Joystick PS4', 'Ultima Generación en electronica', 200, 24),
(409, 'Teclado RGB HyperX', 'Nuevo lanzamiento', 200, 22),
(410, 'Cooler Sentey', 'Ultima Generación en electronica', 500, 14),
(411, 'Mouse Wireless', 'Eficiencia pura', 7000, 24),
(412, 'Ergonomic Chair', 'La cuspide de la evolución', 900, 25),
(413, 'GTX 1090 RGB', 'Nuevo lanzamiento', 7000, 18),
(414, 'Mouse Wireless', 'Maximo rendimiento', 2400, 18),
(415, 'GTX 1090 RGB', 'Ultima Generación en electronica', 900, 14),
(416, 'DJ Controller', 'Maximo rendimiento', 200, 14),
(417, 'DJ Controller', 'Ultima Generación en electronica', 500, 12),
(418, 'Ergonomic Chair', 'La cuspide de la evolución', 300, 50),
(419, 'Teclado RGB HyperX', 'Maximo rendimiento', 18000, 50),
(420, 'DJ Controller', 'Maximo rendimiento', 4000, 18),
(421, 'Monitor RGB 144Hz', 'Maximo rendimiento', 500, 30),
(422, 'Gigabyte Ultradurable', 'Maximo rendimiento', 1500, 12),
(423, 'Ergonomic Chair', 'Eficiencia pura', 1500, 30),
(424, 'DJ Controller', 'Ultima Generación en electronica', 1500, 18),
(425, 'Ergonomic Chair', 'La cuspide de la evolución', 7000, 22),
(426, 'Monitor RGB 144Hz', 'Ultima Generación en electronica', 900, 100),
(427, 'Joystick PS4', 'Ultima Generación en electronica', 900, 24),
(428, 'Gabinete RGB', 'Eficiencia pura', 300, 18),
(429, 'Gabinete RGB', 'Nuevo lanzamiento', 4000, 22),
(430, 'Gabinete RGB', 'Ultima Generación en electronica', 500, 22),
(431, 'Monitor RGB 144Hz', 'Nuevo lanzamiento', 900, 14),
(432, 'Gabinete RGB', 'Eficiencia pura', 300, 25),
(433, 'DJ Controller', 'El mejor confort', 900, 100),
(434, 'GTX 1090 RGB', 'Nuevo lanzamiento', 2400, 18),
(435, 'Joystick PS4', 'Ultima Generación en electronica', 2400, 18),
(436, 'GTX 1090 RGB', 'Ultima Generación en electronica', 1500, 14),
(437, 'Ergonomic Chair', 'Nuevo lanzamiento', 7000, 20),
(438, 'Joystick PS4', 'El mejor confort', 18000, 22),
(439, 'Cooler Sentey', 'Maximo rendimiento', 4000, 24),
(440, 'DJ Controller', 'Ultima Generación en electronica', 500, 14),
(441, 'Ergonomic Chair', 'Ultima Generación en electronica', 900, 14),
(442, 'Monitor RGB 144Hz', 'Nuevo lanzamiento', 18000, 18),
(443, 'DJ Controller', 'Maximo rendimiento', 2400, 25),
(444, 'GTX 1090 RGB', 'Ultima Generación en electronica', 2400, 25),
(445, 'Teclado RGB HyperX', 'Eficiencia pura', 18000, 100),
(446, 'Ergonomic Chair', 'Maximo rendimiento', 200, 14),
(447, 'Cooler Sentey', 'Ultima Generación en electronica', 200, 18),
(448, 'Monitor RGB 144Hz', 'Eficiencia pura', 7000, 24),
(449, 'Cooler Sentey', 'Maximo rendimiento', 1500, 14),
(450, 'GTX 1090 RGB', 'El mejor confort', 1500, 50),
(451, 'Gigabyte Ultradurable', 'El mejor confort', 300, 50),
(452, 'Gabinete RGB', 'Maximo rendimiento', 300, 22),
(453, 'Monitor RGB 144Hz', 'El mejor confort', 18000, 22),
(454, 'Monitor RGB 144Hz', 'La cuspide de la evolución', 200, 12),
(455, 'Mouse Wireless', 'Eficiencia pura', 18000, 18),
(456, 'DJ Controller', 'Nuevo lanzamiento', 2400, 18),
(457, 'Gabinete RGB', 'Nuevo lanzamiento', 7000, 30),
(458, 'GTX 1090 RGB', 'Eficiencia pura', 2400, 12),
(459, 'Mouse Wireless', 'La cuspide de la evolución', 18000, 18),
(460, 'Monitor RGB 144Hz', 'La cuspide de la evolución', 300, 22),
(461, 'DJ Controller', 'Eficiencia pura', 1500, 22),
(462, 'Ergonomic Chair', 'La cuspide de la evolución', 4000, 30),
(463, 'GTX 1090 RGB', 'Nuevo lanzamiento', 300, 25),
(464, 'Teclado RGB HyperX', 'Eficiencia pura', 500, 100),
(465, 'Gigabyte Ultradurable', 'Nuevo lanzamiento', 18000, 24),
(466, 'Teclado RGB HyperX', 'Nuevo lanzamiento', 7000, 25),
(467, 'GTX 1090 RGB', 'El mejor confort', 4000, 14),
(468, 'Cooler Sentey', 'La cuspide de la evolución', 500, 20),
(469, 'Gabinete RGB', 'Eficiencia pura', 1500, 22),
(470, 'Mouse Wireless', 'La cuspide de la evolución', 200, 30),
(471, 'Joystick PS4', 'Ultima Generación en electronica', 300, 25),
(472, 'Monitor RGB 144Hz', 'Maximo rendimiento', 1500, 25),
(473, 'Joystick PS4', 'El mejor confort', 500, 100),
(474, 'Gabinete RGB', 'Nuevo lanzamiento', 500, 24),
(475, 'Ergonomic Chair', 'La cuspide de la evolución', 2400, 50),
(476, 'Ergonomic Chair', 'Ultima Generación en electronica', 500, 50),
(477, 'Cooler Sentey', 'El mejor confort', 300, 14),
(478, 'Joystick PS4', 'Nuevo lanzamiento', 2400, 50),
(479, 'Ergonomic Chair', 'La cuspide de la evolución', 18000, 30),
(480, 'Cooler Sentey', 'Ultima Generación en electronica', 900, 18),
(481, 'Cooler Sentey', 'El mejor confort', 300, 12),
(482, 'Monitor RGB 144Hz', 'El mejor confort', 500, 50),
(483, 'Mouse Wireless', 'Ultima Generación en electronica', 200, 100),
(484, 'Cooler Sentey', 'Ultima Generación en electronica', 300, 30),
(485, 'DJ Controller', 'Ultima Generación en electronica', 300, 12),
(486, 'Teclado RGB HyperX', 'La cuspide de la evolución', 2400, 24),
(487, 'Joystick PS4', 'Maximo rendimiento', 300, 30),
(488, 'Gabinete RGB', 'Maximo rendimiento', 1500, 18),
(489, 'GTX 1090 RGB', 'Maximo rendimiento', 2400, 24),
(490, 'Ergonomic Chair', 'El mejor confort', 300, 18),
(491, 'Ergonomic Chair', 'Maximo rendimiento', 1500, 14),
(492, 'Gigabyte Ultradurable', 'Eficiencia pura', 900, 24),
(493, 'Joystick PS4', 'Ultima Generación en electronica', 300, 18),
(494, 'Teclado RGB HyperX', 'Ultima Generación en electronica', 1500, 12),
(495, 'Gigabyte Ultradurable', 'Eficiencia pura', 500, 25),
(496, 'Monitor RGB 144Hz', 'El mejor confort', 7000, 24),
(497, 'Gabinete RGB', 'El mejor confort', 1500, 18),
(498, 'Ergonomic Chair', 'La cuspide de la evolución', 18000, 12),
(499, 'Gigabyte Ultradurable', 'Eficiencia pura', 200, 24),
(500, 'Teclado RGB HyperX', 'El mejor confort', 1500, 18),
(501, 'Teclado Gamer', 'Buen Teclado Gamer', 1500, 4),
(502, 'Celular Iphone', 'Increible Iphone ', 250, 10),
(503, 'asd', 'asd', 20, 20);

-- --------------------------------------------------------

--
-- Estructura de tabla para la tabla `transacciones`
--

CREATE TABLE `transacciones` (
  `ID_Transaccion` int(11) NOT NULL,
  `Precio_Pagado` int(11) DEFAULT NULL,
  `Fecha_Compra` date DEFAULT current_timestamp(),
  `ID_Comprador` int(11) DEFAULT NULL
) ENGINE=InnoDB DEFAULT CHARSET=utf8mb4;

--
-- Volcado de datos para la tabla `transacciones`
--

INSERT INTO `transacciones` (`ID_Transaccion`, `Precio_Pagado`, `Fecha_Compra`, `ID_Comprador`) VALUES
(1, 900, '2023-02-16', 98),
(2, 300, '2023-02-16', 252),
(3, 2400, '2023-02-16', 333),
(4, 500, '2023-02-16', 375),
(5, 500, '2023-02-16', 399),
(6, 500, '2023-02-16', 417),
(7, 500, '2023-02-16', 342),
(8, 200, '2023-02-16', 425),
(9, 200, '2023-02-16', 245),
(10, 200, '2023-02-16', 477),
(11, 900, '2023-02-16', 62),
(12, 500, '2023-02-16', 323),
(13, 300, '2023-02-16', 295),
(14, 1500, '2023-02-16', 194),
(15, 900, '2023-02-16', 75),
(16, 4000, '2023-02-16', 354),
(17, 2400, '2023-02-16', 371),
(18, 900, '2023-02-16', 267),
(19, 900, '2023-02-16', 41),
(20, 200, '2023-02-16', 234),
(21, 18000, '2023-02-16', 229),
(22, 7000, '2023-02-16', 342),
(23, 1500, '2023-02-16', 85),
(24, 300, '2023-02-16', 241),
(25, 500, '2023-02-16', 196),
(26, 2400, '2023-02-16', 168),
(27, 4000, '2023-02-16', 80),
(28, 4000, '2023-02-16', 388),
(29, 7000, '2023-02-16', 18),
(30, 7000, '2023-02-16', 85),
(31, 7000, '2023-02-16', 447),
(32, 2400, '2023-02-16', 406),
(33, 900, '2023-02-16', 221),
(34, 2400, '2023-02-16', 171),
(35, 7000, '2023-02-16', 480),
(36, 1500, '2023-02-16', 351),
(37, 500, '2023-02-16', 131),
(38, 2400, '2023-02-16', 14),
(39, 2400, '2023-02-16', 332),
(40, 300, '2023-02-16', 84),
(41, 2400, '2023-02-16', 438),
(42, 300, '2023-02-16', 113),
(43, 7000, '2023-02-16', 85),
(44, 7000, '2023-02-16', 257),
(45, 1500, '2023-02-16', 382),
(46, 300, '2023-02-16', 4),
(47, 18000, '2023-02-16', 435),
(48, 2400, '2023-02-16', 96),
(49, 18000, '2023-02-16', 273),
(50, 300, '2023-02-16', 231),
(51, 300, '2023-02-16', 213),
(52, 7000, '2023-02-16', 24),
(53, 18000, '2023-02-16', 183),
(54, 500, '2023-02-16', 306),
(55, 4000, '2023-02-16', 354),
(56, 500, '2023-02-16', 495),
(57, 900, '2023-02-16', 379),
(58, 18000, '2023-02-16', 182),
(59, 500, '2023-02-16', 2),
(60, 4000, '2023-02-16', 175),
(61, 18000, '2023-02-16', 301),
(62, 900, '2023-02-16', 450),
(63, 900, '2023-02-16', 2),
(64, 500, '2023-02-16', 128),
(65, 1500, '2023-02-16', 442),
(66, 500, '2023-02-16', 6),
(67, 900, '2023-02-16', 157),
(68, 18000, '2023-02-16', 277),
(69, 2400, '2023-02-16', 312),
(70, 4000, '2023-02-16', 154),
(71, 7000, '2023-02-16', 449),
(72, 4000, '2023-02-16', 265),
(73, 4000, '2023-02-16', 231),
(74, 200, '2023-02-16', 409),
(75, 300, '2023-02-16', 217),
(76, 900, '2023-02-16', 348),
(77, 7000, '2023-02-16', 84),
(78, 500, '2023-02-16', 53),
(79, 300, '2023-02-16', 308),
(80, 200, '2023-02-16', 190),
(81, 300, '2023-02-16', 75),
(82, 4000, '2023-02-16', 496),
(83, 2400, '2023-02-16', 103),
(84, 2400, '2023-02-16', 360),
(85, 2400, '2023-02-16', 379),
(86, 300, '2023-02-16', 78),
(87, 4000, '2023-02-16', 204),
(88, 18000, '2023-02-16', 423),
(89, 500, '2023-02-16', 8),
(90, 500, '2023-02-16', 435),
(91, 500, '2023-02-16', 89),
(92, 900, '2023-02-16', 183),
(93, 1500, '2023-02-16', 232),
(94, 1500, '2023-02-16', 89),
(95, 4000, '2023-02-16', 398),
(96, 200, '2023-02-16', 144),
(97, 18000, '2023-02-16', 29),
(98, 4000, '2023-02-16', 295),
(99, 200, '2023-02-16', 82),
(100, 300, '2023-02-16', 323),
(101, 300, '2023-02-16', 261),
(102, 500, '2023-02-16', 351),
(103, 18000, '2023-02-16', 79),
(104, 4000, '2023-02-16', 54),
(105, 200, '2023-02-16', 323),
(106, 7000, '2023-02-16', 35),
(107, 200, '2023-02-16', 138),
(108, 200, '2023-02-16', 126),
(109, 300, '2023-02-16', 321),
(110, 1500, '2023-02-16', 95),
(111, 18000, '2023-02-16', 45),
(112, 300, '2023-02-16', 426),
(113, 4000, '2023-02-16', 427),
(114, 1500, '2023-02-16', 251),
(115, 500, '2023-02-16', 371),
(116, 2400, '2023-02-16', 272),
(117, 200, '2023-02-16', 444),
(118, 2400, '2023-02-16', 257),
(119, 1500, '2023-02-16', 431),
(120, 7000, '2023-02-16', 353),
(121, 7000, '2023-02-16', 165),
(122, 300, '2023-02-16', 38),
(123, 900, '2023-02-16', 240),
(124, 200, '2023-02-16', 225),
(125, 18000, '2023-02-16', 156),
(126, 4000, '2023-02-16', 292),
(127, 18000, '2023-02-16', 129),
(128, 500, '2023-02-16', 366),
(129, 7000, '2023-02-16', 225),
(130, 18000, '2023-02-16', 165),
(131, 200, '2023-02-16', 277),
(132, 500, '2023-02-16', 464),
(133, 18000, '2023-02-16', 306),
(134, 200, '2023-02-16', 499),
(135, 18000, '2023-02-16', 432),
(136, 18000, '2023-02-16', 57),
(137, 1500, '2023-02-16', 238),
(138, 200, '2023-02-16', 161),
(139, 500, '2023-02-16', 294),
(140, 500, '2023-02-16', 35),
(141, 2400, '2023-02-16', 291),
(142, 2400, '2023-02-16', 376),
(143, 200, '2023-02-16', 356),
(144, 900, '2023-02-16', 94),
(145, 2400, '2023-02-16', 395),
(146, 18000, '2023-02-16', 112),
(147, 500, '2023-02-16', 269),
(148, 200, '2023-02-16', 218),
(149, 500, '2023-02-16', 458),
(150, 200, '2023-02-16', 28),
(151, 2400, '2023-02-16', 443),
(152, 300, '2023-02-16', 305),
(153, 300, '2023-02-16', 246),
(154, 300, '2023-02-16', 75),
(155, 1500, '2023-02-16', 289),
(156, 1500, '2023-02-16', 440),
(157, 1500, '2023-02-16', 178),
(158, 1500, '2023-02-16', 401),
(159, 200, '2023-02-16', 154),
(160, 1500, '2023-02-16', 498),
(161, 300, '2023-02-16', 464),
(162, 18000, '2023-02-16', 407),
(163, 7000, '2023-02-16', 7),
(164, 300, '2023-02-16', 361),
(165, 7000, '2023-02-16', 386),
(166, 18000, '2023-02-16', 453),
(167, 2400, '2023-02-16', 94),
(168, 1500, '2023-02-16', 198),
(169, 200, '2023-02-16', 458),
(170, 4000, '2023-02-16', 310),
(171, 300, '2023-02-16', 122),
(172, 900, '2023-02-16', 148),
(173, 1500, '2023-02-16', 334),
(174, 18000, '2023-02-16', 424),
(175, 2400, '2023-02-16', 331),
(176, 500, '2023-02-16', 410),
(177, 18000, '2023-02-16', 68),
(178, 500, '2023-02-16', 207),
(179, 200, '2023-02-16', 191),
(180, 2400, '2023-02-16', 280),
(181, 300, '2023-02-16', 422),
(182, 300, '2023-02-16', 35),
(183, 900, '2023-02-16', 40),
(184, 2400, '2023-02-16', 370),
(185, 18000, '2023-02-16', 163),
(186, 900, '2023-02-16', 389),
(187, 7000, '2023-02-16', 41),
(188, 2400, '2023-02-16', 128),
(189, 7000, '2023-02-16', 187),
(190, 200, '2023-02-16', 56),
(191, 500, '2023-02-16', 387),
(192, 200, '2023-02-16', 281),
(193, 900, '2023-02-16', 224),
(194, 900, '2023-02-16', 83),
(195, 900, '2023-02-16', 451),
(196, 4000, '2023-02-16', 349),
(197, 900, '2023-02-16', 55),
(198, 2400, '2023-02-16', 66),
(199, 1500, '2023-02-16', 316),
(200, 4000, '2023-02-16', 300),
(201, 4000, '2023-02-16', 35),
(202, 900, '2023-02-16', 127),
(203, 1500, '2023-02-16', 144),
(204, 300, '2023-02-16', 211),
(205, 2400, '2023-02-16', 266),
(206, 4000, '2023-02-16', 165),
(207, 200, '2023-02-16', 79),
(208, 4000, '2023-02-16', 463),
(209, 18000, '2023-02-16', 325),
(210, 1500, '2023-02-16', 461),
(211, 2400, '2023-02-16', 33),
(212, 2400, '2023-02-16', 47),
(213, 4000, '2023-02-16', 92),
(214, 500, '2023-02-16', 441),
(215, 900, '2023-02-16', 468),
(216, 200, '2023-02-16', 138),
(217, 900, '2023-02-16', 242),
(218, 1500, '2023-02-16', 324),
(219, 500, '2023-02-16', 111),
(220, 200, '2023-02-16', 195),
(221, 900, '2023-02-16', 374),
(222, 4000, '2023-02-16', 268),
(223, 500, '2023-02-16', 229),
(224, 500, '2023-02-16', 264),
(225, 2400, '2023-02-16', 102),
(226, 300, '2023-02-16', 226),
(227, 300, '2023-02-16', 124),
(228, 500, '2023-02-16', 52),
(229, 4000, '2023-02-16', 338),
(230, 1500, '2023-02-16', 470),
(231, 1500, '2023-02-16', 393),
(232, 200, '2023-02-16', 130),
(233, 200, '2023-02-16', 104),
(234, 2400, '2023-02-16', 468),
(235, 200, '2023-02-16', 211),
(236, 7000, '2023-02-16', 178),
(237, 2400, '2023-02-16', 473),
(238, 200, '2023-02-16', 148),
(239, 1500, '2023-02-16', 152),
(240, 7000, '2023-02-16', 353),
(241, 300, '2023-02-16', 98),
(242, 500, '2023-02-16', 27),
(243, 200, '2023-02-16', 313),
(244, 18000, '2023-02-16', 451),
(245, 900, '2023-02-16', 37),
(246, 300, '2023-02-16', 305),
(247, 18000, '2023-02-16', 91),
(248, 18000, '2023-02-16', 155),
(249, 1500, '2023-02-16', 178),
(250, 1500, '2023-02-16', 345),
(251, 1500, '2023-02-16', 331),
(252, 2400, '2023-02-16', 494),
(253, 18000, '2023-02-16', 282),
(254, 500, '2023-02-16', 385),
(255, 18000, '2023-02-16', 25),
(256, 18000, '2023-02-16', 495),
(257, 1500, '2023-02-16', 262),
(258, 900, '2023-02-16', 94),
(259, 900, '2023-02-16', 88),
(260, 7000, '2023-02-16', 305),
(261, 500, '2023-02-16', 131),
(262, 300, '2023-02-16', 118),
(263, 200, '2023-02-16', 256),
(264, 300, '2023-02-16', 437),
(265, 4000, '2023-02-16', 102),
(266, 2400, '2023-02-16', 324),
(267, 200, '2023-02-16', 154),
(268, 200, '2023-02-16', 103),
(269, 4000, '2023-02-16', 426),
(270, 200, '2023-02-16', 403),
(271, 500, '2023-02-16', 121),
(272, 1500, '2023-02-16', 104),
(273, 900, '2023-02-16', 151),
(274, 200, '2023-02-16', 442),
(275, 1500, '2023-02-16', 443),
(276, 2400, '2023-02-16', 238),
(277, 200, '2023-02-16', 255),
(278, 18000, '2023-02-16', 116),
(279, 200, '2023-02-16', 114),
(280, 4000, '2023-02-16', 44),
(281, 2400, '2023-02-16', 284),
(282, 500, '2023-02-16', 294),
(283, 4000, '2023-02-16', 429),
(284, 200, '2023-02-16', 264),
(285, 300, '2023-02-16', 187),
(286, 7000, '2023-02-16', 53),
(287, 7000, '2023-02-16', 21),
(288, 500, '2023-02-16', 381),
(289, 2400, '2023-02-16', 232),
(290, 2400, '2023-02-16', 145),
(291, 1500, '2023-02-16', 295),
(292, 300, '2023-02-16', 103),
(293, 1500, '2023-02-16', 152),
(294, 900, '2023-02-16', 332),
(295, 4000, '2023-02-16', 155),
(296, 300, '2023-02-16', 244),
(297, 18000, '2023-02-16', 341),
(298, 7000, '2023-02-16', 454),
(299, 1500, '2023-02-16', 245),
(300, 900, '2023-02-16', 393),
(301, 300, '2023-02-16', 1),
(302, 300, '2023-02-16', 341),
(303, 2400, '2023-02-16', 184),
(304, 900, '2023-02-16', 252),
(305, 500, '2023-02-16', 420),
(306, 2400, '2023-02-16', 277),
(307, 7000, '2023-02-16', 372),
(308, 1500, '2023-02-16', 92),
(309, 4000, '2023-02-16', 489),
(310, 18000, '2023-02-16', 154),
(311, 4000, '2023-02-16', 46),
(312, 200, '2023-02-16', 305),
(313, 200, '2023-02-16', 175),
(314, 2400, '2023-02-16', 129),
(315, 1500, '2023-02-16', 449),
(316, 4000, '2023-02-16', 484),
(317, 4000, '2023-02-16', 25),
(318, 300, '2023-02-16', 375),
(319, 200, '2023-02-16', 310),
(320, 7000, '2023-02-16', 153),
(321, 4000, '2023-02-16', 271),
(322, 500, '2023-02-16', 224),
(323, 500, '2023-02-16', 463),
(324, 2400, '2023-02-16', 373),
(325, 900, '2023-02-16', 458),
(326, 900, '2023-02-16', 290),
(327, 2400, '2023-02-16', 117),
(328, 2400, '2023-02-16', 380),
(329, 7000, '2023-02-16', 38),
(330, 200, '2023-02-16', 272),
(331, 18000, '2023-02-16', 404),
(332, 500, '2023-02-16', 182),
(333, 300, '2023-02-16', 465),
(334, 500, '2023-02-16', 216),
(335, 500, '2023-02-16', 283),
(336, 4000, '2023-02-16', 382),
(337, 500, '2023-02-16', 326),
(338, 300, '2023-02-16', 98),
(339, 18000, '2023-02-16', 375),
(340, 900, '2023-02-16', 105),
(341, 900, '2023-02-16', 90),
(342, 300, '2023-02-16', 170),
(343, 300, '2023-02-16', 424),
(344, 2400, '2023-02-16', 12),
(345, 2400, '2023-02-16', 175),
(346, 18000, '2023-02-16', 313),
(347, 2400, '2023-02-16', 365),
(348, 18000, '2023-02-16', 264),
(349, 7000, '2023-02-16', 20),
(350, 1500, '2023-02-16', 204),
(351, 18000, '2023-02-16', 111),
(352, 4000, '2023-02-16', 361),
(353, 18000, '2023-02-16', 177),
(354, 4000, '2023-02-16', 302),
(355, 1500, '2023-02-16', 142),
(356, 4000, '2023-02-16', 441),
(357, 900, '2023-02-16', 435),
(358, 1500, '2023-02-16', 205),
(359, 300, '2023-02-16', 486),
(360, 200, '2023-02-16', 43),
(361, 4000, '2023-02-16', 276),
(362, 18000, '2023-02-16', 338),
(363, 300, '2023-02-16', 110),
(364, 4000, '2023-02-16', 185),
(365, 18000, '2023-02-16', 142),
(366, 1500, '2023-02-16', 410),
(367, 2400, '2023-02-16', 477),
(368, 4000, '2023-02-16', 443),
(369, 200, '2023-02-16', 339),
(370, 300, '2023-02-16', 466),
(371, 200, '2023-02-16', 41),
(372, 7000, '2023-02-16', 286),
(373, 2400, '2023-02-16', 55),
(374, 4000, '2023-02-16', 287),
(375, 500, '2023-02-16', 177),
(376, 4000, '2023-02-16', 232),
(377, 2400, '2023-02-16', 206),
(378, 900, '2023-02-16', 362),
(379, 2400, '2023-02-16', 432),
(380, 4000, '2023-02-16', 441),
(381, 300, '2023-02-16', 201),
(382, 2400, '2023-02-16', 198),
(383, 500, '2023-02-16', 3),
(384, 300, '2023-02-16', 146),
(385, 2400, '2023-02-16', 313),
(386, 900, '2023-02-16', 151),
(387, 500, '2023-02-16', 392),
(388, 900, '2023-02-16', 192),
(389, 500, '2023-02-16', 338),
(390, 2400, '2023-02-16', 119),
(391, 300, '2023-02-16', 400),
(392, 300, '2023-02-16', 452),
(393, 300, '2023-02-16', 348),
(394, 300, '2023-02-16', 336),
(395, 500, '2023-02-16', 492),
(396, 300, '2023-02-16', 68),
(397, 4000, '2023-02-16', 98),
(398, 500, '2023-02-16', 86),
(399, 1500, '2023-02-16', 221),
(400, 500, '2023-02-16', 127),
(401, 200, '2023-02-16', 61),
(402, 18000, '2023-02-16', 352),
(403, 1500, '2023-02-16', 380),
(404, 1500, '2023-02-16', 188),
(405, 2400, '2023-02-16', 20),
(406, 7000, '2023-02-16', 410),
(407, 1500, '2023-02-16', 91),
(408, 1500, '2023-02-16', 168),
(409, 300, '2023-02-16', 269),
(410, 500, '2023-02-16', 23),
(411, 300, '2023-02-16', 157),
(412, 200, '2023-02-16', 370),
(413, 1500, '2023-02-16', 221),
(414, 2400, '2023-02-16', 492),
(415, 7000, '2023-02-16', 243),
(416, 7000, '2023-02-16', 209),
(417, 900, '2023-02-16', 476),
(418, 7000, '2023-02-16', 473),
(419, 7000, '2023-02-16', 61),
(420, 4000, '2023-02-16', 103),
(421, 18000, '2023-02-16', 217),
(422, 2400, '2023-02-16', 396),
(423, 300, '2023-02-16', 7),
(424, 900, '2023-02-16', 356),
(425, 2400, '2023-02-16', 200),
(426, 500, '2023-02-16', 496),
(427, 500, '2023-02-16', 458),
(428, 4000, '2023-02-16', 322),
(429, 500, '2023-02-16', 330),
(430, 4000, '2023-02-16', 288),
(431, 200, '2023-02-16', 279),
(432, 200, '2023-02-16', 450),
(433, 200, '2023-02-16', 194),
(434, 300, '2023-02-16', 97),
(435, 7000, '2023-02-16', 221),
(436, 900, '2023-02-16', 408),
(437, 1500, '2023-02-16', 209),
(438, 7000, '2023-02-16', 272),
(439, 2400, '2023-02-16', 175),
(440, 900, '2023-02-16', 219),
(441, 7000, '2023-02-16', 308),
(442, 2400, '2023-02-16', 403),
(443, 18000, '2023-02-16', 358),
(444, 900, '2023-02-16', 455),
(445, 4000, '2023-02-16', 413),
(446, 900, '2023-02-16', 162),
(447, 2400, '2023-02-16', 359),
(448, 7000, '2023-02-16', 273),
(449, 1500, '2023-02-16', 92),
(450, 4000, '2023-02-16', 344),
(451, 2400, '2023-02-16', 128),
(452, 300, '2023-02-16', 458),
(453, 900, '2023-02-16', 117),
(454, 1500, '2023-02-16', 271),
(455, 500, '2023-02-16', 165),
(456, 7000, '2023-02-16', 186),
(457, 4000, '2023-02-16', 377),
(458, 4000, '2023-02-16', 302),
(459, 200, '2023-02-16', 66),
(460, 18000, '2023-02-16', 262),
(461, 7000, '2023-02-16', 21),
(462, 18000, '2023-02-16', 28),
(463, 1500, '2023-02-16', 191),
(464, 500, '2023-02-16', 270),
(465, 300, '2023-02-16', 249),
(466, 7000, '2023-02-16', 302),
(467, 900, '2023-02-16', 122),
(468, 300, '2023-02-16', 346),
(469, 4000, '2023-02-16', 222),
(470, 7000, '2023-02-16', 164),
(471, 1500, '2023-02-16', 322),
(472, 1500, '2023-02-16', 283),
(473, 4000, '2023-02-16', 500),
(474, 2400, '2023-02-16', 117),
(475, 18000, '2023-02-16', 274),
(476, 7000, '2023-02-16', 459),
(477, 18000, '2023-02-16', 224),
(478, 1500, '2023-02-16', 341),
(479, 2400, '2023-02-16', 165),
(480, 2400, '2023-02-16', 72),
(481, 1500, '2023-02-16', 18),
(482, 4000, '2023-02-16', 57),
(483, 900, '2023-02-16', 260),
(484, 4000, '2023-02-16', 9),
(485, 900, '2023-02-16', 398),
(486, 300, '2023-02-16', 280),
(487, 900, '2023-02-16', 138),
(488, 7000, '2023-02-16', 111),
(489, 900, '2023-02-16', 12),
(490, 7000, '2023-02-16', 3),
(491, 300, '2023-02-16', 78),
(492, 4000, '2023-02-16', 366),
(493, 500, '2023-02-16', 264),
(494, 300, '2023-02-16', 376),
(495, 500, '2023-02-16', 350),
(496, 4000, '2023-02-16', 103),
(497, 900, '2023-02-16', 413),
(498, 18000, '2023-02-16', 438),
(499, 900, '2023-02-16', 495),
(500, 200, '2023-02-16', 484),
(501, 94800, '2023-02-16', 2),
(502, 15150, '2023-02-16', 20);

-- --------------------------------------------------------

--
-- Estructura de tabla para la tabla `transacciones_productos`
--

CREATE TABLE `transacciones_productos` (
  `ID_Transaccion_Producto` int(11) NOT NULL,
  `Fecha_Compra` date DEFAULT current_timestamp(),
  `Cantidad` int(11) DEFAULT NULL,
  `Impuesto` varchar(25) DEFAULT NULL,
  `Impuesto_Monto` int(11) DEFAULT NULL,
  `ID_Producto` int(11) DEFAULT NULL,
  `ID_Transaccion` int(11) DEFAULT NULL
) ENGINE=InnoDB DEFAULT CHARSET=utf8mb4;

--
-- Volcado de datos para la tabla `transacciones_productos`
--

INSERT INTO `transacciones_productos` (`ID_Transaccion_Producto`, `Fecha_Compra`, `Cantidad`, `Impuesto`, `Impuesto_Monto`, `ID_Producto`, `ID_Transaccion`) VALUES
(1, '2023-02-16', 6, 'Monotributo', 300, 302, 1),
(2, '2023-02-16', 8, 'IVA', 500, 319, 2),
(3, '2023-02-16', 8, 'Monotributo', 150, 447, 3),
(4, '2023-02-16', 6, 'IVA', 300, 1, 4),
(5, '2023-02-16', 6, 'Impuesto de Sellado', 150, 137, 5),
(6, '2023-02-16', 15, 'Impuesto de Sellado', 400, 207, 6),
(7, '2023-02-16', 5, 'Monotributo', 150, 283, 7),
(8, '2023-02-16', 12, 'Impuesto a las ganancias', 400, 37, 8),
(9, '2023-02-16', 24, 'IVA', 175, 14, 9),
(10, '2023-02-16', 15, 'IVA', 175, 352, 10),
(11, '2023-02-16', 12, 'Impuesto a las ganancias', 150, 149, 11),
(12, '2023-02-16', 12, 'Impuesto de Sellado', 250, 12, 12),
(13, '2023-02-16', 24, 'Monotributo', 245, 180, 13),
(14, '2023-02-16', 10, 'Impuesto a las ganancias', 250, 228, 14),
(15, '2023-02-16', 8, 'Impuesto de Sellado', 300, 269, 15),
(16, '2023-02-16', 15, 'IVA', 175, 14, 16),
(17, '2023-02-16', 12, 'Impuesto de Sellado', 175, 132, 17),
(18, '2023-02-16', 24, 'Monotributo', 300, 100, 18),
(19, '2023-02-16', 5, 'IVA', 150, 100, 19),
(20, '2023-02-16', 8, 'Monotributo', 150, 458, 20),
(21, '2023-02-16', 18, 'Monotributo', 150, 39, 21),
(22, '2023-02-16', 12, 'Monotributo', 300, 184, 22),
(23, '2023-02-16', 20, 'Monotributo', 400, 433, 23),
(24, '2023-02-16', 15, 'Impuesto a las ganancias', 245, 299, 24),
(25, '2023-02-16', 6, 'Monotributo', 245, 12, 25),
(26, '2023-02-16', 10, 'Monotributo', 250, 173, 26),
(27, '2023-02-16', 10, 'Impuesto de Sellado', 500, 157, 27),
(28, '2023-02-16', 18, 'IVA', 245, 376, 28),
(29, '2023-02-16', 18, 'Impuesto de Sellado', 400, 122, 29),
(30, '2023-02-16', 8, 'Impuesto de Sellado', 175, 80, 30),
(31, '2023-02-16', 18, 'Monotributo', 300, 348, 31),
(32, '2023-02-16', 18, 'Impuesto a las ganancias', 175, 265, 32),
(33, '2023-02-16', 5, 'Impuesto a las ganancias', 400, 141, 33),
(34, '2023-02-16', 15, 'IVA', 250, 5, 34),
(35, '2023-02-16', 18, 'Monotributo', 400, 40, 35),
(36, '2023-02-16', 18, 'Monotributo', 250, 443, 36),
(37, '2023-02-16', 6, 'Impuesto de Sellado', 245, 41, 37),
(38, '2023-02-16', 12, 'IVA', 250, 362, 38),
(39, '2023-02-16', 18, 'Impuesto a las ganancias', 245, 175, 39),
(40, '2023-02-16', 10, 'Impuesto de Sellado', 300, 454, 40),
(41, '2023-02-16', 12, 'IVA', 150, 186, 41),
(42, '2023-02-16', 10, 'IVA', 250, 146, 42),
(43, '2023-02-16', 20, 'Impuesto de Sellado', 250, 12, 43),
(44, '2023-02-16', 6, 'IVA', 250, 277, 44),
(45, '2023-02-16', 18, 'Impuesto de Sellado', 175, 317, 45),
(46, '2023-02-16', 5, 'Monotributo', 400, 454, 46),
(47, '2023-02-16', 6, 'Impuesto a las ganancias', 300, 364, 47),
(48, '2023-02-16', 12, 'IVA', 175, 380, 48),
(49, '2023-02-16', 18, 'IVA', 300, 490, 49),
(50, '2023-02-16', 24, 'Impuesto a las ganancias', 400, 492, 50),
(51, '2023-02-16', 24, 'Impuesto de Sellado', 250, 243, 51),
(52, '2023-02-16', 8, 'Impuesto de Sellado', 245, 75, 52),
(53, '2023-02-16', 5, 'Monotributo', 175, 52, 53),
(54, '2023-02-16', 12, 'Monotributo', 300, 17, 54),
(55, '2023-02-16', 5, 'Monotributo', 300, 466, 55),
(56, '2023-02-16', 12, 'IVA', 300, 55, 56),
(57, '2023-02-16', 10, 'Impuesto a las ganancias', 250, 239, 57),
(58, '2023-02-16', 24, 'IVA', 150, 290, 58),
(59, '2023-02-16', 5, 'Impuesto a las ganancias', 150, 232, 59),
(60, '2023-02-16', 5, 'Monotributo', 175, 212, 60),
(61, '2023-02-16', 20, 'IVA', 500, 272, 61),
(62, '2023-02-16', 15, 'IVA', 150, 407, 62),
(63, '2023-02-16', 8, 'IVA', 500, 57, 63),
(64, '2023-02-16', 10, 'Impuesto de Sellado', 150, 50, 64),
(65, '2023-02-16', 18, 'Impuesto a las ganancias', 245, 63, 65),
(66, '2023-02-16', 10, 'Impuesto a las ganancias', 175, 483, 66),
(67, '2023-02-16', 20, 'Impuesto de Sellado', 245, 238, 67),
(68, '2023-02-16', 24, 'Impuesto de Sellado', 300, 228, 68),
(69, '2023-02-16', 15, 'IVA', 245, 67, 69),
(70, '2023-02-16', 24, 'Impuesto a las ganancias', 500, 270, 70),
(71, '2023-02-16', 8, 'IVA', 245, 118, 71),
(72, '2023-02-16', 20, 'Impuesto de Sellado', 245, 488, 72),
(73, '2023-02-16', 5, 'Impuesto de Sellado', 245, 410, 73),
(74, '2023-02-16', 5, 'Impuesto de Sellado', 250, 113, 74),
(75, '2023-02-16', 10, 'Monotributo', 300, 382, 75),
(76, '2023-02-16', 20, 'Monotributo', 400, 200, 76),
(77, '2023-02-16', 5, 'Monotributo', 175, 52, 77),
(78, '2023-02-16', 15, 'Impuesto a las ganancias', 245, 335, 78),
(79, '2023-02-16', 8, 'Impuesto a las ganancias', 150, 283, 79),
(80, '2023-02-16', 5, 'IVA', 150, 495, 80),
(81, '2023-02-16', 15, 'Monotributo', 175, 495, 81),
(82, '2023-02-16', 5, 'Monotributo', 300, 115, 82),
(83, '2023-02-16', 15, 'Monotributo', 175, 421, 83),
(84, '2023-02-16', 18, 'Impuesto de Sellado', 250, 202, 84),
(85, '2023-02-16', 18, 'Impuesto de Sellado', 400, 132, 85),
(86, '2023-02-16', 20, 'Impuesto a las ganancias', 250, 178, 86),
(87, '2023-02-16', 18, 'Impuesto de Sellado', 250, 346, 87),
(88, '2023-02-16', 6, 'IVA', 400, 283, 88),
(89, '2023-02-16', 10, 'IVA', 245, 486, 89),
(90, '2023-02-16', 6, 'Impuesto de Sellado', 250, 336, 90),
(91, '2023-02-16', 12, 'IVA', 245, 374, 91),
(92, '2023-02-16', 24, 'Impuesto a las ganancias', 500, 232, 92),
(93, '2023-02-16', 5, 'Impuesto a las ganancias', 500, 98, 93),
(94, '2023-02-16', 20, 'IVA', 500, 113, 94),
(95, '2023-02-16', 8, 'Impuesto de Sellado', 245, 462, 95),
(96, '2023-02-16', 10, 'Impuesto de Sellado', 150, 483, 96),
(97, '2023-02-16', 10, 'Impuesto de Sellado', 150, 432, 97),
(98, '2023-02-16', 6, 'Impuesto de Sellado', 175, 462, 98),
(99, '2023-02-16', 6, 'Monotributo', 250, 123, 99),
(100, '2023-02-16', 6, 'IVA', 500, 342, 100),
(101, '2023-02-16', 20, 'IVA', 175, 84, 101),
(102, '2023-02-16', 18, 'Monotributo', 175, 324, 102),
(103, '2023-02-16', 12, 'Monotributo', 150, 397, 103),
(104, '2023-02-16', 12, 'Impuesto de Sellado', 250, 483, 104),
(105, '2023-02-16', 15, 'Monotributo', 300, 451, 105),
(106, '2023-02-16', 10, 'Impuesto de Sellado', 300, 203, 106),
(107, '2023-02-16', 12, 'Impuesto a las ganancias', 300, 92, 107),
(108, '2023-02-16', 18, 'Monotributo', 150, 486, 108),
(109, '2023-02-16', 18, 'IVA', 250, 231, 109),
(110, '2023-02-16', 12, 'Monotributo', 175, 72, 110),
(111, '2023-02-16', 18, 'IVA', 250, 359, 111),
(112, '2023-02-16', 12, 'Impuesto de Sellado', 175, 347, 112),
(113, '2023-02-16', 24, 'Impuesto a las ganancias', 500, 409, 113),
(114, '2023-02-16', 20, 'IVA', 500, 452, 114),
(115, '2023-02-16', 15, 'IVA', 400, 178, 115),
(116, '2023-02-16', 5, 'IVA', 150, 147, 116),
(117, '2023-02-16', 20, 'IVA', 245, 389, 117),
(118, '2023-02-16', 24, 'Monotributo', 250, 204, 118),
(119, '2023-02-16', 24, 'Impuesto a las ganancias', 175, 254, 119),
(120, '2023-02-16', 15, 'IVA', 245, 290, 120),
(121, '2023-02-16', 5, 'Monotributo', 150, 280, 121),
(122, '2023-02-16', 10, 'Monotributo', 150, 242, 122),
(123, '2023-02-16', 6, 'IVA', 300, 405, 123),
(124, '2023-02-16', 24, 'Impuesto a las ganancias', 250, 428, 124),
(125, '2023-02-16', 18, 'IVA', 500, 46, 125),
(126, '2023-02-16', 20, 'Impuesto de Sellado', 245, 155, 126),
(127, '2023-02-16', 15, 'Impuesto a las ganancias', 250, 491, 127),
(128, '2023-02-16', 6, 'Impuesto de Sellado', 300, 146, 128),
(129, '2023-02-16', 15, 'Monotributo', 250, 58, 129),
(130, '2023-02-16', 5, 'Monotributo', 500, 231, 130),
(131, '2023-02-16', 8, 'IVA', 250, 157, 131),
(132, '2023-02-16', 12, 'IVA', 150, 397, 132),
(133, '2023-02-16', 15, 'Monotributo', 175, 45, 133),
(134, '2023-02-16', 15, 'Monotributo', 150, 154, 134),
(135, '2023-02-16', 6, 'IVA', 245, 189, 135),
(136, '2023-02-16', 10, 'Impuesto a las ganancias', 400, 476, 136),
(137, '2023-02-16', 24, 'Monotributo', 500, 343, 137),
(138, '2023-02-16', 12, 'Monotributo', 250, 269, 138),
(139, '2023-02-16', 10, 'Impuesto a las ganancias', 400, 407, 139),
(140, '2023-02-16', 18, 'IVA', 300, 330, 140),
(141, '2023-02-16', 12, 'IVA', 400, 345, 141),
(142, '2023-02-16', 20, 'IVA', 250, 124, 142),
(143, '2023-02-16', 12, 'Impuesto a las ganancias', 500, 128, 143),
(144, '2023-02-16', 10, 'Monotributo', 175, 458, 144),
(145, '2023-02-16', 15, 'Monotributo', 150, 72, 145),
(146, '2023-02-16', 5, 'Monotributo', 150, 197, 146),
(147, '2023-02-16', 5, 'Impuesto a las ganancias', 500, 444, 147),
(148, '2023-02-16', 20, 'Impuesto de Sellado', 300, 95, 148),
(149, '2023-02-16', 12, 'IVA', 150, 175, 149),
(150, '2023-02-16', 15, 'IVA', 175, 197, 150),
(151, '2023-02-16', 8, 'IVA', 300, 383, 151),
(152, '2023-02-16', 10, 'IVA', 400, 191, 152),
(153, '2023-02-16', 15, 'Impuesto de Sellado', 245, 246, 153),
(154, '2023-02-16', 18, 'Impuesto a las ganancias', 500, 420, 154),
(155, '2023-02-16', 8, 'Monotributo', 245, 195, 155),
(156, '2023-02-16', 8, 'Monotributo', 250, 58, 156),
(157, '2023-02-16', 8, 'Impuesto de Sellado', 500, 417, 157),
(158, '2023-02-16', 10, 'IVA', 245, 195, 158),
(159, '2023-02-16', 20, 'IVA', 250, 453, 159),
(160, '2023-02-16', 18, 'Impuesto a las ganancias', 150, 211, 160),
(161, '2023-02-16', 20, 'Monotributo', 150, 420, 161),
(162, '2023-02-16', 8, 'IVA', 300, 187, 162),
(163, '2023-02-16', 8, 'Impuesto de Sellado', 300, 31, 163),
(164, '2023-02-16', 5, 'IVA', 245, 171, 164),
(165, '2023-02-16', 6, 'Impuesto de Sellado', 400, 465, 165),
(166, '2023-02-16', 20, 'Impuesto de Sellado', 175, 464, 166),
(167, '2023-02-16', 18, 'Impuesto a las ganancias', 500, 231, 167),
(168, '2023-02-16', 15, 'Impuesto de Sellado', 250, 377, 168),
(169, '2023-02-16', 8, 'Impuesto a las ganancias', 175, 209, 169),
(170, '2023-02-16', 24, 'Impuesto a las ganancias', 500, 154, 170),
(171, '2023-02-16', 6, 'Impuesto de Sellado', 250, 196, 171),
(172, '2023-02-16', 10, 'Impuesto de Sellado', 245, 250, 172),
(173, '2023-02-16', 24, 'Impuesto de Sellado', 500, 462, 173),
(174, '2023-02-16', 15, 'IVA', 500, 167, 174),
(175, '2023-02-16', 15, 'Impuesto a las ganancias', 250, 45, 175),
(176, '2023-02-16', 6, 'IVA', 300, 400, 176),
(177, '2023-02-16', 5, 'Impuesto de Sellado', 300, 101, 177),
(178, '2023-02-16', 12, 'Impuesto de Sellado', 250, 394, 178),
(179, '2023-02-16', 18, 'Impuesto de Sellado', 150, 87, 179),
(180, '2023-02-16', 12, 'IVA', 245, 88, 180),
(181, '2023-02-16', 5, 'Impuesto a las ganancias', 300, 113, 181),
(182, '2023-02-16', 5, 'Impuesto a las ganancias', 500, 362, 182),
(183, '2023-02-16', 20, 'IVA', 250, 255, 183),
(184, '2023-02-16', 6, 'IVA', 245, 307, 184),
(185, '2023-02-16', 24, 'Impuesto de Sellado', 175, 272, 185),
(186, '2023-02-16', 8, 'Impuesto a las ganancias', 175, 445, 186),
(187, '2023-02-16', 5, 'Impuesto a las ganancias', 500, 193, 187),
(188, '2023-02-16', 5, 'Impuesto de Sellado', 300, 336, 188),
(189, '2023-02-16', 15, 'IVA', 500, 180, 189),
(190, '2023-02-16', 8, 'Impuesto a las ganancias', 175, 35, 190),
(191, '2023-02-16', 5, 'Impuesto de Sellado', 250, 451, 191),
(192, '2023-02-16', 6, 'IVA', 245, 436, 192),
(193, '2023-02-16', 24, 'IVA', 400, 146, 193),
(194, '2023-02-16', 6, 'IVA', 150, 429, 194),
(195, '2023-02-16', 8, 'Monotributo', 245, 2, 195),
(196, '2023-02-16', 12, 'Monotributo', 245, 346, 196),
(197, '2023-02-16', 8, 'Impuesto de Sellado', 500, 55, 197),
(198, '2023-02-16', 18, 'Impuesto de Sellado', 250, 304, 198),
(199, '2023-02-16', 18, 'Impuesto de Sellado', 175, 376, 199),
(200, '2023-02-16', 6, 'Impuesto a las ganancias', 250, 100, 200),
(201, '2023-02-16', 20, 'IVA', 250, 148, 201),
(202, '2023-02-16', 24, 'Impuesto de Sellado', 175, 325, 202),
(203, '2023-02-16', 15, 'IVA', 300, 60, 203),
(204, '2023-02-16', 20, 'Monotributo', 500, 132, 204),
(205, '2023-02-16', 10, 'IVA', 300, 7, 205),
(206, '2023-02-16', 18, 'Monotributo', 300, 252, 206),
(207, '2023-02-16', 15, 'Monotributo', 300, 210, 207),
(208, '2023-02-16', 24, 'IVA', 300, 156, 208),
(209, '2023-02-16', 6, 'Monotributo', 150, 113, 209),
(210, '2023-02-16', 12, 'Impuesto a las ganancias', 300, 351, 210),
(211, '2023-02-16', 12, 'Impuesto de Sellado', 400, 445, 211),
(212, '2023-02-16', 10, 'Impuesto de Sellado', 400, 458, 212),
(213, '2023-02-16', 8, 'Impuesto de Sellado', 500, 138, 213),
(214, '2023-02-16', 18, 'Monotributo', 150, 38, 214),
(215, '2023-02-16', 12, 'Impuesto a las ganancias', 300, 19, 215),
(216, '2023-02-16', 5, 'Monotributo', 250, 91, 216),
(217, '2023-02-16', 6, 'Impuesto a las ganancias', 300, 342, 217),
(218, '2023-02-16', 12, 'Impuesto a las ganancias', 400, 270, 218),
(219, '2023-02-16', 12, 'Monotributo', 150, 344, 219),
(220, '2023-02-16', 20, 'IVA', 245, 361, 220),
(221, '2023-02-16', 20, 'Monotributo', 500, 68, 221),
(222, '2023-02-16', 15, 'IVA', 250, 280, 222),
(223, '2023-02-16', 20, 'Impuesto de Sellado', 400, 285, 223),
(224, '2023-02-16', 20, 'IVA', 245, 99, 224),
(225, '2023-02-16', 15, 'IVA', 400, 428, 225),
(226, '2023-02-16', 10, 'Monotributo', 300, 2, 226),
(227, '2023-02-16', 5, 'Impuesto de Sellado', 175, 377, 227),
(228, '2023-02-16', 6, 'IVA', 175, 4, 228),
(229, '2023-02-16', 6, 'IVA', 245, 174, 229),
(230, '2023-02-16', 15, 'Impuesto de Sellado', 500, 173, 230),
(231, '2023-02-16', 8, 'Monotributo', 250, 139, 231),
(232, '2023-02-16', 18, 'Impuesto a las ganancias', 400, 88, 232),
(233, '2023-02-16', 10, 'Monotributo', 250, 95, 233),
(234, '2023-02-16', 20, 'Monotributo', 500, 378, 234),
(235, '2023-02-16', 12, 'Impuesto de Sellado', 150, 340, 235),
(236, '2023-02-16', 6, 'Impuesto a las ganancias', 150, 431, 236),
(237, '2023-02-16', 15, 'Monotributo', 245, 451, 237),
(238, '2023-02-16', 8, 'Monotributo', 175, 411, 238),
(239, '2023-02-16', 12, 'Monotributo', 175, 263, 239),
(240, '2023-02-16', 24, 'Impuesto a las ganancias', 245, 213, 240),
(241, '2023-02-16', 15, 'Impuesto de Sellado', 500, 472, 241),
(242, '2023-02-16', 5, 'IVA', 250, 95, 242),
(243, '2023-02-16', 8, 'Monotributo', 250, 369, 243),
(244, '2023-02-16', 24, 'Impuesto a las ganancias', 245, 51, 244),
(245, '2023-02-16', 24, 'IVA', 400, 283, 245),
(246, '2023-02-16', 24, 'Monotributo', 400, 480, 246),
(247, '2023-02-16', 24, 'Impuesto de Sellado', 245, 221, 247),
(248, '2023-02-16', 18, 'IVA', 245, 109, 248),
(249, '2023-02-16', 24, 'Monotributo', 175, 17, 249),
(250, '2023-02-16', 6, 'Impuesto de Sellado', 400, 63, 250),
(251, '2023-02-16', 6, 'Impuesto de Sellado', 500, 357, 251),
(252, '2023-02-16', 18, 'Impuesto a las ganancias', 400, 11, 252),
(253, '2023-02-16', 5, 'Monotributo', 500, 42, 253),
(254, '2023-02-16', 18, 'Impuesto a las ganancias', 500, 367, 254),
(255, '2023-02-16', 8, 'Impuesto de Sellado', 175, 456, 255),
(256, '2023-02-16', 18, 'Impuesto de Sellado', 245, 126, 256),
(257, '2023-02-16', 8, 'Impuesto a las ganancias', 245, 316, 257),
(258, '2023-02-16', 20, 'IVA', 175, 158, 258),
(259, '2023-02-16', 8, 'Impuesto a las ganancias', 245, 481, 259),
(260, '2023-02-16', 20, 'Impuesto de Sellado', 500, 2, 260),
(261, '2023-02-16', 8, 'Impuesto de Sellado', 250, 478, 261),
(262, '2023-02-16', 5, 'Monotributo', 175, 392, 262),
(263, '2023-02-16', 12, 'Monotributo', 300, 367, 263),
(264, '2023-02-16', 8, 'IVA', 150, 319, 264),
(265, '2023-02-16', 12, 'Monotributo', 245, 141, 265),
(266, '2023-02-16', 24, 'Monotributo', 245, 134, 266),
(267, '2023-02-16', 10, 'IVA', 300, 231, 267),
(268, '2023-02-16', 18, 'IVA', 500, 282, 268),
(269, '2023-02-16', 8, 'Impuesto de Sellado', 300, 240, 269),
(270, '2023-02-16', 10, 'Impuesto de Sellado', 245, 282, 270),
(271, '2023-02-16', 12, 'Monotributo', 500, 57, 271),
(272, '2023-02-16', 18, 'Impuesto a las ganancias', 175, 3, 272),
(273, '2023-02-16', 24, 'Impuesto de Sellado', 300, 386, 273),
(274, '2023-02-16', 20, 'Impuesto de Sellado', 250, 194, 274),
(275, '2023-02-16', 5, 'Impuesto de Sellado', 300, 226, 275),
(276, '2023-02-16', 8, 'Monotributo', 300, 248, 276),
(277, '2023-02-16', 10, 'Impuesto de Sellado', 250, 88, 277),
(278, '2023-02-16', 20, 'Impuesto a las ganancias', 500, 86, 278),
(279, '2023-02-16', 5, 'Impuesto a las ganancias', 250, 128, 279),
(280, '2023-02-16', 8, 'Impuesto de Sellado', 300, 455, 280),
(281, '2023-02-16', 20, 'Impuesto de Sellado', 250, 129, 281),
(282, '2023-02-16', 15, 'IVA', 400, 85, 282),
(283, '2023-02-16', 18, 'Impuesto de Sellado', 175, 479, 283),
(284, '2023-02-16', 12, 'Impuesto de Sellado', 250, 453, 284),
(285, '2023-02-16', 8, 'Impuesto de Sellado', 300, 61, 285),
(286, '2023-02-16', 6, 'Impuesto a las ganancias', 175, 71, 286),
(287, '2023-02-16', 15, 'IVA', 500, 430, 287),
(288, '2023-02-16', 6, 'IVA', 250, 282, 288),
(289, '2023-02-16', 15, 'Monotributo', 400, 362, 289),
(290, '2023-02-16', 15, 'IVA', 150, 98, 290),
(291, '2023-02-16', 8, 'Impuesto a las ganancias', 500, 275, 291),
(292, '2023-02-16', 24, 'Impuesto de Sellado', 400, 26, 292),
(293, '2023-02-16', 6, 'IVA', 250, 102, 293),
(294, '2023-02-16', 20, 'Monotributo', 250, 87, 294),
(295, '2023-02-16', 8, 'IVA', 150, 414, 295),
(296, '2023-02-16', 24, 'Impuesto a las ganancias', 150, 463, 296),
(297, '2023-02-16', 20, 'Monotributo', 400, 81, 297),
(298, '2023-02-16', 6, 'Monotributo', 245, 213, 298),
(299, '2023-02-16', 15, 'Impuesto a las ganancias', 150, 124, 299),
(300, '2023-02-16', 15, 'Impuesto a las ganancias', 175, 364, 300),
(301, '2023-02-16', 18, 'Impuesto de Sellado', 150, 363, 301),
(302, '2023-02-16', 8, 'Impuesto a las ganancias', 150, 194, 302),
(303, '2023-02-16', 15, 'Monotributo', 175, 350, 303),
(304, '2023-02-16', 15, 'Impuesto a las ganancias', 250, 344, 304),
(305, '2023-02-16', 15, 'Impuesto de Sellado', 300, 68, 305),
(306, '2023-02-16', 12, 'Monotributo', 245, 214, 306),
(307, '2023-02-16', 10, 'IVA', 175, 327, 307),
(308, '2023-02-16', 15, 'Impuesto de Sellado', 150, 245, 308),
(309, '2023-02-16', 20, 'IVA', 250, 133, 309),
(310, '2023-02-16', 6, 'Impuesto a las ganancias', 400, 431, 310),
(311, '2023-02-16', 5, 'IVA', 400, 31, 311),
(312, '2023-02-16', 5, 'Monotributo', 400, 420, 312),
(313, '2023-02-16', 5, 'Impuesto de Sellado', 400, 286, 313),
(314, '2023-02-16', 5, 'Impuesto a las ganancias', 175, 88, 314),
(315, '2023-02-16', 6, 'Monotributo', 300, 96, 315),
(316, '2023-02-16', 15, 'IVA', 250, 372, 316),
(317, '2023-02-16', 12, 'Impuesto a las ganancias', 250, 124, 317),
(318, '2023-02-16', 24, 'Impuesto de Sellado', 250, 125, 318),
(319, '2023-02-16', 8, 'Impuesto a las ganancias', 500, 120, 319),
(320, '2023-02-16', 5, 'IVA', 245, 93, 320),
(321, '2023-02-16', 24, 'Monotributo', 400, 433, 321),
(322, '2023-02-16', 8, 'Monotributo', 245, 19, 322),
(323, '2023-02-16', 24, 'Monotributo', 150, 194, 323),
(324, '2023-02-16', 8, 'Monotributo', 300, 400, 324),
(325, '2023-02-16', 18, 'Monotributo', 500, 358, 325),
(326, '2023-02-16', 10, 'Monotributo', 400, 474, 326),
(327, '2023-02-16', 10, 'IVA', 175, 117, 327),
(328, '2023-02-16', 18, 'Monotributo', 400, 94, 328),
(329, '2023-02-16', 6, 'Impuesto de Sellado', 150, 75, 329),
(330, '2023-02-16', 12, 'IVA', 250, 45, 330),
(331, '2023-02-16', 18, 'Impuesto de Sellado', 500, 368, 331),
(332, '2023-02-16', 18, 'IVA', 245, 50, 332),
(333, '2023-02-16', 6, 'Impuesto a las ganancias', 245, 322, 333),
(334, '2023-02-16', 12, 'IVA', 150, 81, 334),
(335, '2023-02-16', 20, 'Impuesto de Sellado', 245, 354, 335),
(336, '2023-02-16', 10, 'Impuesto de Sellado', 150, 225, 336),
(337, '2023-02-16', 5, 'Monotributo', 250, 492, 337),
(338, '2023-02-16', 24, 'Impuesto a las ganancias', 150, 288, 338),
(339, '2023-02-16', 10, 'Monotributo', 400, 72, 339),
(340, '2023-02-16', 5, 'IVA', 175, 73, 340),
(341, '2023-02-16', 15, 'Impuesto de Sellado', 245, 433, 341),
(342, '2023-02-16', 18, 'Impuesto de Sellado', 400, 94, 342),
(343, '2023-02-16', 5, 'Monotributo', 300, 241, 343),
(344, '2023-02-16', 15, 'Impuesto de Sellado', 150, 55, 344),
(345, '2023-02-16', 12, 'Impuesto de Sellado', 300, 129, 345),
(346, '2023-02-16', 18, 'IVA', 250, 341, 346),
(347, '2023-02-16', 8, 'Impuesto de Sellado', 400, 270, 347),
(348, '2023-02-16', 20, 'IVA', 245, 447, 348),
(349, '2023-02-16', 20, 'Impuesto de Sellado', 250, 384, 349),
(350, '2023-02-16', 12, 'Monotributo', 300, 377, 350),
(351, '2023-02-16', 18, 'Impuesto a las ganancias', 250, 8, 351),
(352, '2023-02-16', 20, 'Monotributo', 250, 19, 352),
(353, '2023-02-16', 18, 'Monotributo', 250, 29, 353),
(354, '2023-02-16', 8, 'Monotributo', 400, 290, 354),
(355, '2023-02-16', 20, 'Impuesto a las ganancias', 400, 191, 355),
(356, '2023-02-16', 18, 'IVA', 150, 57, 356),
(357, '2023-02-16', 10, 'Impuesto de Sellado', 250, 287, 357),
(358, '2023-02-16', 15, 'Monotributo', 300, 230, 358),
(359, '2023-02-16', 12, 'Monotributo', 400, 89, 359),
(360, '2023-02-16', 8, 'Monotributo', 250, 476, 360),
(361, '2023-02-16', 12, 'Impuesto de Sellado', 500, 375, 361),
(362, '2023-02-16', 8, 'Impuesto a las ganancias', 250, 448, 362),
(363, '2023-02-16', 10, 'Impuesto de Sellado', 500, 470, 363),
(364, '2023-02-16', 12, 'IVA', 150, 13, 364),
(365, '2023-02-16', 20, 'Monotributo', 400, 107, 365),
(366, '2023-02-16', 6, 'Impuesto de Sellado', 300, 22, 366),
(367, '2023-02-16', 18, 'Impuesto de Sellado', 245, 123, 367),
(368, '2023-02-16', 10, 'Monotributo', 400, 170, 368),
(369, '2023-02-16', 10, 'Monotributo', 150, 347, 369),
(370, '2023-02-16', 10, 'Impuesto de Sellado', 400, 213, 370),
(371, '2023-02-16', 18, 'Monotributo', 300, 333, 371),
(372, '2023-02-16', 10, 'Impuesto a las ganancias', 245, 451, 372),
(373, '2023-02-16', 12, 'Monotributo', 245, 153, 373),
(374, '2023-02-16', 15, 'Impuesto a las ganancias', 500, 200, 374),
(375, '2023-02-16', 8, 'Impuesto a las ganancias', 175, 321, 375),
(376, '2023-02-16', 24, 'IVA', 400, 440, 376),
(377, '2023-02-16', 18, 'Impuesto a las ganancias', 250, 274, 377),
(378, '2023-02-16', 5, 'Impuesto de Sellado', 300, 296, 378),
(379, '2023-02-16', 12, 'Impuesto a las ganancias', 245, 145, 379),
(380, '2023-02-16', 15, 'IVA', 175, 370, 380),
(381, '2023-02-16', 12, 'Monotributo', 500, 208, 381),
(382, '2023-02-16', 15, 'Impuesto a las ganancias', 175, 1, 382),
(383, '2023-02-16', 12, 'Impuesto de Sellado', 300, 391, 383),
(384, '2023-02-16', 18, 'Impuesto de Sellado', 175, 387, 384),
(385, '2023-02-16', 24, 'Impuesto de Sellado', 150, 315, 385),
(386, '2023-02-16', 6, 'Monotributo', 250, 303, 386),
(387, '2023-02-16', 20, 'Monotributo', 250, 489, 387),
(388, '2023-02-16', 8, 'IVA', 400, 441, 388),
(389, '2023-02-16', 5, 'Impuesto de Sellado', 250, 299, 389),
(390, '2023-02-16', 5, 'IVA', 400, 493, 390),
(391, '2023-02-16', 5, 'Impuesto de Sellado', 400, 453, 391),
(392, '2023-02-16', 5, 'IVA', 250, 251, 392),
(393, '2023-02-16', 10, 'Impuesto a las ganancias', 175, 118, 393),
(394, '2023-02-16', 24, 'Monotributo', 150, 78, 394),
(395, '2023-02-16', 20, 'Monotributo', 250, 217, 395),
(396, '2023-02-16', 20, 'Impuesto a las ganancias', 175, 14, 396),
(397, '2023-02-16', 8, 'Monotributo', 500, 83, 397),
(398, '2023-02-16', 15, 'Impuesto a las ganancias', 400, 242, 398),
(399, '2023-02-16', 12, 'IVA', 250, 217, 399),
(400, '2023-02-16', 15, 'Monotributo', 245, 110, 400),
(401, '2023-02-16', 20, 'IVA', 300, 403, 401),
(402, '2023-02-16', 15, 'Impuesto de Sellado', 175, 335, 402),
(403, '2023-02-16', 20, 'Impuesto de Sellado', 150, 88, 403),
(404, '2023-02-16', 10, 'Monotributo', 245, 262, 404),
(405, '2023-02-16', 5, 'IVA', 245, 486, 405),
(406, '2023-02-16', 8, 'IVA', 245, 406, 406),
(407, '2023-02-16', 8, 'Impuesto de Sellado', 400, 291, 407),
(408, '2023-02-16', 6, 'Impuesto de Sellado', 245, 137, 408),
(409, '2023-02-16', 24, 'Monotributo', 150, 60, 409),
(410, '2023-02-16', 12, 'Impuesto a las ganancias', 500, 499, 410),
(411, '2023-02-16', 8, 'Monotributo', 500, 204, 411),
(412, '2023-02-16', 18, 'Impuesto de Sellado', 500, 138, 412),
(413, '2023-02-16', 10, 'Impuesto de Sellado', 300, 367, 413),
(414, '2023-02-16', 18, 'Impuesto de Sellado', 250, 103, 414),
(415, '2023-02-16', 20, 'Monotributo', 245, 145, 415),
(416, '2023-02-16', 10, 'Monotributo', 175, 262, 416),
(417, '2023-02-16', 24, 'Impuesto a las ganancias', 300, 465, 417),
(418, '2023-02-16', 18, 'IVA', 300, 144, 418),
(419, '2023-02-16', 15, 'Monotributo', 250, 171, 419),
(420, '2023-02-16', 18, 'IVA', 300, 4, 420),
(421, '2023-02-16', 18, 'Impuesto a las ganancias', 400, 181, 421),
(422, '2023-02-16', 5, 'Monotributo', 300, 84, 422),
(423, '2023-02-16', 8, 'IVA', 300, 60, 423),
(424, '2023-02-16', 18, 'IVA', 400, 423, 424),
(425, '2023-02-16', 6, 'Impuesto de Sellado', 400, 313, 425),
(426, '2023-02-16', 10, 'Impuesto de Sellado', 175, 81, 426),
(427, '2023-02-16', 12, 'Impuesto de Sellado', 250, 46, 427),
(428, '2023-02-16', 24, 'IVA', 400, 6, 428),
(429, '2023-02-16', 8, 'Impuesto a las ganancias', 400, 458, 429),
(430, '2023-02-16', 18, 'IVA', 400, 412, 430),
(431, '2023-02-16', 10, 'Monotributo', 500, 31, 431),
(432, '2023-02-16', 8, 'Monotributo', 175, 455, 432),
(433, '2023-02-16', 6, 'Impuesto a las ganancias', 150, 395, 433),
(434, '2023-02-16', 8, 'Impuesto de Sellado', 175, 379, 434),
(435, '2023-02-16', 24, 'IVA', 150, 483, 435),
(436, '2023-02-16', 10, 'IVA', 150, 449, 436),
(437, '2023-02-16', 10, 'Impuesto a las ganancias', 150, 456, 437),
(438, '2023-02-16', 20, 'Impuesto a las ganancias', 400, 377, 438),
(439, '2023-02-16', 6, 'IVA', 150, 163, 439),
(440, '2023-02-16', 18, 'Impuesto de Sellado', 400, 52, 440),
(441, '2023-02-16', 24, 'Impuesto de Sellado', 400, 39, 441),
(442, '2023-02-16', 8, 'IVA', 150, 256, 442),
(443, '2023-02-16', 10, 'Impuesto de Sellado', 245, 175, 443),
(444, '2023-02-16', 20, 'IVA', 245, 151, 444),
(445, '2023-02-16', 10, 'IVA', 175, 65, 445),
(446, '2023-02-16', 5, 'IVA', 245, 72, 446),
(447, '2023-02-16', 18, 'Monotributo', 400, 294, 447),
(448, '2023-02-16', 10, 'IVA', 300, 495, 448),
(449, '2023-02-16', 8, 'Monotributo', 150, 295, 449),
(450, '2023-02-16', 24, 'Impuesto de Sellado', 300, 318, 450),
(451, '2023-02-16', 20, 'Impuesto a las ganancias', 150, 383, 451),
(452, '2023-02-16', 5, 'Impuesto de Sellado', 250, 202, 452),
(453, '2023-02-16', 8, 'Impuesto a las ganancias', 250, 174, 453),
(454, '2023-02-16', 10, 'Impuesto de Sellado', 175, 232, 454),
(455, '2023-02-16', 10, 'Impuesto de Sellado', 245, 174, 455),
(456, '2023-02-16', 8, 'IVA', 150, 222, 456),
(457, '2023-02-16', 20, 'Impuesto de Sellado', 245, 460, 457),
(458, '2023-02-16', 6, 'Monotributo', 250, 54, 458),
(459, '2023-02-16', 18, 'IVA', 250, 37, 459),
(460, '2023-02-16', 18, 'Impuesto a las ganancias', 300, 421, 460),
(461, '2023-02-16', 6, 'IVA', 245, 228, 461),
(462, '2023-02-16', 20, 'IVA', 300, 62, 462),
(463, '2023-02-16', 20, 'IVA', 245, 103, 463),
(464, '2023-02-16', 8, 'Monotributo', 500, 24, 464),
(465, '2023-02-16', 10, 'Impuesto a las ganancias', 500, 168, 465),
(466, '2023-02-16', 24, 'Impuesto a las ganancias', 250, 160, 466),
(467, '2023-02-16', 5, 'Monotributo', 250, 202, 467),
(468, '2023-02-16', 20, 'Monotributo', 400, 491, 468),
(469, '2023-02-16', 15, 'Impuesto de Sellado', 300, 377, 469),
(470, '2023-02-16', 18, 'Impuesto a las ganancias', 500, 474, 470),
(471, '2023-02-16', 18, 'IVA', 245, 166, 471),
(472, '2023-02-16', 6, 'Impuesto de Sellado', 300, 468, 472),
(473, '2023-02-16', 24, 'Monotributo', 500, 264, 473),
(474, '2023-02-16', 6, 'Impuesto a las ganancias', 300, 350, 474),
(475, '2023-02-16', 15, 'IVA', 400, 76, 475),
(476, '2023-02-16', 24, 'IVA', 400, 479, 476),
(477, '2023-02-16', 15, 'Impuesto a las ganancias', 245, 174, 477),
(478, '2023-02-16', 8, 'Impuesto de Sellado', 400, 154, 478),
(479, '2023-02-16', 20, 'Impuesto de Sellado', 245, 222, 479),
(480, '2023-02-16', 5, 'Impuesto a las ganancias', 250, 240, 480),
(481, '2023-02-16', 10, 'IVA', 400, 274, 481),
(482, '2023-02-16', 24, 'IVA', 245, 312, 482),
(483, '2023-02-16', 24, 'Monotributo', 400, 177, 483),
(484, '2023-02-16', 18, 'Monotributo', 400, 142, 484),
(485, '2023-02-16', 20, 'IVA', 300, 315, 485),
(486, '2023-02-16', 20, 'Impuesto de Sellado', 175, 175, 486),
(487, '2023-02-16', 20, 'Impuesto de Sellado', 245, 199, 487),
(488, '2023-02-16', 10, 'Impuesto de Sellado', 300, 456, 488),
(489, '2023-02-16', 18, 'IVA', 400, 187, 489),
(490, '2023-02-16', 5, 'Monotributo', 250, 4, 490),
(491, '2023-02-16', 6, 'IVA', 150, 42, 491),
(492, '2023-02-16', 5, 'Impuesto a las ganancias', 250, 225, 492),
(493, '2023-02-16', 5, 'Monotributo', 500, 111, 493),
(494, '2023-02-16', 12, 'Impuesto a las ganancias', 250, 158, 494),
(495, '2023-02-16', 6, 'Impuesto de Sellado', 245, 54, 495),
(496, '2023-02-16', 20, 'Monotributo', 500, 35, 496),
(497, '2023-02-16', 12, 'Monotributo', 300, 76, 497),
(498, '2023-02-16', 8, 'Impuesto a las ganancias', 500, 158, 498),
(499, '2023-02-16', 24, 'Impuesto a las ganancias', 300, 17, 499),
(500, '2023-02-16', 12, 'IVA', 300, 288, 500),
(501, '2023-02-16', 18, 'Impuesto a las ganancias', 150, 4, 501),
(502, '2023-02-16', 15, 'IVA', 150, 6, 501),
(503, '2023-02-16', 10, 'IVA', 150, 150, 502);

--
-- Índices para tablas volcadas
--

--
-- Indices de la tabla `compradores`
--
ALTER TABLE `compradores`
  ADD PRIMARY KEY (`ID_Comprador`);

--
-- Indices de la tabla `eventos_comprador`
--
ALTER TABLE `eventos_comprador`
  ADD PRIMARY KEY (`ID_Evento`),
  ADD KEY `ID_Comprador` (`ID_Comprador`);

--
-- Indices de la tabla `productos`
--
ALTER TABLE `productos`
  ADD PRIMARY KEY (`ID_Producto`);

--
-- Indices de la tabla `transacciones`
--
ALTER TABLE `transacciones`
  ADD PRIMARY KEY (`ID_Transaccion`),
  ADD KEY `ID_Comprador` (`ID_Comprador`);

--
-- Indices de la tabla `transacciones_productos`
--
ALTER TABLE `transacciones_productos`
  ADD PRIMARY KEY (`ID_Transaccion_Producto`),
  ADD KEY `ID_Producto` (`ID_Producto`),
  ADD KEY `ID_Transaccion` (`ID_Transaccion`);

--
-- AUTO_INCREMENT de las tablas volcadas
--

--
-- AUTO_INCREMENT de la tabla `compradores`
--
ALTER TABLE `compradores`
  MODIFY `ID_Comprador` int(11) NOT NULL AUTO_INCREMENT, AUTO_INCREMENT=504;

--
-- AUTO_INCREMENT de la tabla `eventos_comprador`
--
ALTER TABLE `eventos_comprador`
  MODIFY `ID_Evento` int(11) NOT NULL AUTO_INCREMENT, AUTO_INCREMENT=3;

--
-- AUTO_INCREMENT de la tabla `productos`
--
ALTER TABLE `productos`
  MODIFY `ID_Producto` int(11) NOT NULL AUTO_INCREMENT, AUTO_INCREMENT=504;

--
-- AUTO_INCREMENT de la tabla `transacciones`
--
ALTER TABLE `transacciones`
  MODIFY `ID_Transaccion` int(11) NOT NULL AUTO_INCREMENT, AUTO_INCREMENT=503;

--
-- AUTO_INCREMENT de la tabla `transacciones_productos`
--
ALTER TABLE `transacciones_productos`
  MODIFY `ID_Transaccion_Producto` int(11) NOT NULL AUTO_INCREMENT, AUTO_INCREMENT=504;

--
-- Restricciones para tablas volcadas
--

--
-- Filtros para la tabla `eventos_comprador`
--
ALTER TABLE `eventos_comprador`
  ADD CONSTRAINT `eventos_comprador_ibfk_1` FOREIGN KEY (`ID_Comprador`) REFERENCES `compradores` (`ID_Comprador`);

--
-- Filtros para la tabla `transacciones`
--
ALTER TABLE `transacciones`
  ADD CONSTRAINT `transacciones_ibfk_1` FOREIGN KEY (`ID_Comprador`) REFERENCES `compradores` (`ID_Comprador`);

--
-- Filtros para la tabla `transacciones_productos`
--
ALTER TABLE `transacciones_productos`
  ADD CONSTRAINT `transacciones_productos_ibfk_1` FOREIGN KEY (`ID_Producto`) REFERENCES `productos` (`ID_Producto`),
  ADD CONSTRAINT `transacciones_productos_ibfk_2` FOREIGN KEY (`ID_Transaccion`) REFERENCES `transacciones` (`ID_Transaccion`);
COMMIT;

/*!40101 SET CHARACTER_SET_CLIENT=@OLD_CHARACTER_SET_CLIENT */;
/*!40101 SET CHARACTER_SET_RESULTS=@OLD_CHARACTER_SET_RESULTS */;
/*!40101 SET COLLATION_CONNECTION=@OLD_COLLATION_CONNECTION */;
